topic;time_bin;count;share
-1;2020-05-01;13;0.25
-1;2020-06-01;9;0.1267605633802817
-1;2020-07-01;7;0.08536585365853659
-1;2020-08-01;11;0.08461538461538462
-1;2020-09-01;13;0.09774436090225563
-1;2020-10-01;2;0.15384615384615385
-1;2020-11-01;1;0.25
-1;2020-12-01;1;0.14285714285714285
-1;2021-01-01;10;0.3125
-1;2021-02-01;5;0.1388888888888889
-1;2021-03-01;3;0.08823529411764706
-1;2021-04-01;7;0.08536585365853659
-1;2021-05-01;412;0.1528756957328386
-1;2021-06-01;214;0.1292270531400966
-1;2021-07-01;131;0.12523900573613767
-1;2021-08-01;34;0.12830188679245283
-1;2021-09-01;22;0.1286549707602339
-1;2021-10-01;25;0.1724137931034483
-1;2021-11-01;14;0.11764705882352941
-1;2021-12-01;4;0.2222222222222222
-1;2022-01-01;7;0.11666666666666667
-1;2022-02-01;18;0.13333333333333333
-1;2022-03-01;24;0.12834224598930483
-1;2022-04-01;15;0.189873417721519
-1;2022-05-01;62;0.12783505154639174
-1;2022-06-01;49;0.15030674846625766
-1;2022-07-01;30;0.11952191235059761
-1;2022-08-01;21;0.0945945945945946
-1;2022-09-01;11;0.14285714285714285
-1;2022-10-01;2;0.25
-1;2022-12-01;1;0.058823529411764705
-1;2023-01-01;18;0.16822429906542055
-1;2023-02-01;19;0.2159090909090909
-1;2023-03-01;1;0.25
-1;2023-04-01;16;0.14678899082568808
-1;2023-05-01;35;0.13257575757575757
-1;2023-06-01;5;0.08064516129032258
-1;2023-07-01;27;0.18
-1;2023-08-01;13;0.2549019607843137
-1;2023-09-01;2;0.09090909090909091
-1;2023-10-01;1538;0.12258887294755301
-1;2023-11-01;1004;0.09962294105973407
-1;2023-12-01;540;0.09610250934329952
-1;2024-01-01;304;0.1039671682626539
-1;2024-02-01;326;0.10099132589838909
-1;2024-03-01;252;0.096
-1;2024-04-01;475;0.10937140225650473
-1;2024-05-01;294;0.09939148073022312
-1;2024-06-01;255;0.10111022997620936
-1;2024-07-01;231;0.10865475070555033
-1;2024-08-01;204;0.10277078085642317
-1;2024-09-01;208;0.09985597695631301
-1;2024-10-01;308;0.08914616497829234
-1;2024-11-01;270;0.11889035667107001
-1;2024-12-01;194;0.11637672465506899
-1;2025-01-01;282;0.10621468926553672
-1;2025-02-01;256;0.10166799046862589
-1;2025-03-01;219;0.0963484381874175
-1;2025-04-01;293;0.10287921348314606
-1;2025-05-01;373;0.10252886201209456
-1;2025-06-01;530;0.10435125024611144
-1;2025-07-01;382;0.09670886075949367
-1;2025-08-01;2110;0.10096176850567012
-1;2025-09-01;70;0.09523809523809523
0;2020-05-01;26;0.5
0;2020-06-01;25;0.352112676056338
0;2020-07-01;57;0.6951219512195121
0;2020-08-01;82;0.6307692307692307
0;2020-09-01;76;0.5714285714285714
0;2020-10-01;9;0.6923076923076923
0;2020-11-01;3;0.75
0;2021-01-01;14;0.4375
0;2021-02-01;22;0.6111111111111112
0;2021-03-01;20;0.5882352941176471
0;2021-04-01;65;0.7926829268292683
0;2021-05-01;1510;0.5602968460111317
0;2021-06-01;958;0.5785024154589372
0;2021-07-01;627;0.5994263862332696
0;2021-08-01;158;0.5962264150943396
0;2021-09-01;103;0.6023391812865497
0;2021-10-01;65;0.4482758620689655
0;2021-11-01;75;0.6302521008403361
0;2021-12-01;8;0.4444444444444444
0;2022-01-01;41;0.6833333333333333
0;2022-02-01;79;0.5851851851851851
0;2022-03-01;109;0.5828877005347594
0;2022-04-01;45;0.569620253164557
0;2022-05-01;284;0.5855670103092784
0;2022-06-01;196;0.6012269938650306
0;2022-07-01;152;0.6055776892430279
0;2022-08-01;143;0.6441441441441441
0;2022-09-01;46;0.5974025974025974
0;2022-10-01;4;0.5
0;2022-11-01;1;0.5
0;2022-12-01;8;0.47058823529411764
0;2023-01-01;49;0.45794392523364486
0;2023-02-01;43;0.48863636363636365
0;2023-03-01;1;0.25
0;2023-04-01;69;0.6330275229357798
0;2023-05-01;153;0.5795454545454546
0;2023-06-01;41;0.6612903225806451
0;2023-07-01;86;0.5733333333333334
0;2023-08-01;26;0.5098039215686274
0;2023-09-01;16;0.7272727272727273
0;2023-10-01;7795;0.6213135660768372
0;2023-11-01;6556;0.6505258979956341
0;2023-12-01;3486;0.6203950880939669
0;2024-01-01;1789;0.6118331053351573
0;2024-02-01;2046;0.6338289962825279
0;2024-03-01;1636;0.6232380952380953
0;2024-04-01;2591;0.596592217361271
0;2024-05-01;1862;0.6294793779580797
0;2024-06-01;1638;0.6494845360824743
0;2024-07-01;1352;0.6359360301034808
0;2024-08-01;1130;0.5692695214105793
0;2024-09-01;1450;0.6961113778204513
0;2024-10-01;2252;0.6518089725036179
0;2024-11-01;1256;0.5530603258476442
0;2024-12-01;1063;0.6376724655068986
0;2025-01-01;1710;0.6440677966101694
0;2025-02-01;1585;0.6294678316123908
0;2025-03-01;1456;0.6405631324241091
0;2025-04-01;1839;0.6457162921348315
0;2025-05-01;2319;0.637438152831226
0;2025-06-01;3160;0.6221697184485135
0;2025-07-01;2579;0.6529113924050632
0;2025-08-01;13682;0.6546724723670989
0;2025-09-01;507;0.689795918367347
1;2020-06-01;4;0.056338028169014086
1;2020-08-01;7;0.05384615384615385
1;2020-09-01;4;0.03007518796992481
1;2021-04-01;3;0.036585365853658534
1;2021-05-01;126;0.046753246753246755
1;2021-06-01;90;0.05434782608695652
1;2021-07-01;50;0.04780114722753346
1;2021-08-01;20;0.07547169811320754
1;2021-09-01;8;0.04678362573099415
1;2021-10-01;5;0.034482758620689655
1;2021-11-01;9;0.07563025210084033
1;2021-12-01;1;0.05555555555555555
1;2022-02-01;2;0.014814814814814815
1;2022-03-01;5;0.026737967914438502
1;2022-04-01;1;0.012658227848101266
1;2022-05-01;25;0.05154639175257732
1;2022-06-01;18;0.05521472392638037
1;2022-07-01;10;0.0398406374501992
1;2022-08-01;5;0.02252252252252252
1;2022-09-01;7;0.09090909090909091
1;2022-11-01;1;0.5
1;2022-12-01;7;0.4117647058823529
1;2023-01-01;7;0.06542056074766354
1;2023-02-01;3;0.03409090909090909
1;2023-03-01;1;0.25
1;2023-04-01;4;0.03669724770642202
1;2023-05-01;13;0.04924242424242424
1;2023-06-01;1;0.016129032258064516
1;2023-07-01;2;0.013333333333333334
1;2023-10-01;429;0.034194165471066476
1;2023-11-01;305;0.03026394125818615
1;2023-12-01;201;0.03577148958889482
1;2024-01-01;89;0.030437756497948016
1;2024-02-01;59;0.018277571251548948
1;2024-03-01;60;0.022857142857142857
1;2024-04-01;94;0.02164402486760304
1;2024-05-01;61;0.020622041920216362
1;2024-06-01;71;0.028152260111022998
1;2024-07-01;72;0.03386641580432737
1;2024-08-01;62;0.031234256926952142
1;2024-09-01;46;0.022083533365338453
1;2024-10-01;92;0.02662807525325615
1;2024-11-01;64;0.028181417877586965
1;2024-12-01;36;0.021595680863827234
1;2025-01-01;75;0.02824858757062147
1;2025-02-01;67;0.02660841938046068
1;2025-03-01;99;0.04355477342718874
1;2025-04-01;126;0.04424157303370786
1;2025-05-01;102;0.028037383177570093
1;2025-06-01;144;0.02835203780271707
1;2025-07-01;90;0.02278481012658228
1;2025-08-01;601;0.028757356811330684
1;2025-09-01;12;0.0163265306122449
2;2020-05-01;1;0.019230769230769232
2;2020-07-01;1;0.012195121951219513
2;2020-08-01;1;0.007692307692307693
2;2020-09-01;3;0.022556390977443608
2;2020-10-01;1;0.07692307692307693
2;2021-02-01;1;0.027777777777777776
2;2021-04-01;1;0.012195121951219513
2;2021-05-01;63;0.023376623376623377
2;2021-06-01;31;0.018719806763285024
2;2021-07-01;36;0.03441682600382409
2;2021-08-01;5;0.018867924528301886
2;2021-09-01;1;0.005847953216374269
2;2021-10-01;2;0.013793103448275862
2;2021-11-01;2;0.01680672268907563
2;2022-01-01;2;0.03333333333333333
2;2022-02-01;4;0.02962962962962963
2;2022-03-01;12;0.06417112299465241
2;2022-05-01;15;0.030927835051546393
2;2022-06-01;5;0.015337423312883436
2;2022-07-01;7;0.027888446215139442
2;2022-08-01;13;0.05855855855855856
2;2022-09-01;3;0.03896103896103896
2;2023-01-01;3;0.028037383177570093
2;2023-02-01;1;0.011363636363636364
2;2023-05-01;13;0.04924242424242424
2;2023-06-01;2;0.03225806451612903
2;2023-07-01;3;0.02
2;2023-08-01;3;0.058823529411764705
2;2023-10-01;541;0.04312131356607684
2;2023-11-01;311;0.03085929747965866
2;2023-12-01;243;0.043246129204484784
2;2024-01-01;65;0.02222982216142271
2;2024-02-01;128;0.03965303593556382
2;2024-03-01;67;0.025523809523809525
2;2024-04-01;150;0.0345383375546857
2;2024-05-01;72;0.02434077079107505
2;2024-06-01;58;0.022997620935765267
2;2024-07-01;103;0.04844778927563499
2;2024-08-01;61;0.030730478589420653
2;2024-09-01;58;0.02784445511281805
2;2024-10-01;77;0.022286541244573084
2;2024-11-01;124;0.054601497137824744
2;2024-12-01;48;0.028794241151769647
2;2025-01-01;134;0.05047080979284369
2;2025-02-01;71;0.028196981731532962
2;2025-03-01;62;0.027276726792784867
2;2025-04-01;52;0.018258426966292134
2;2025-05-01;89;0.02446399120395822
2;2025-06-01;269;0.05296318172868675
2;2025-07-01;89;0.022531645569620253
2;2025-08-01;414;0.019809560266041436
2;2025-09-01;8;0.010884353741496598
3;2021-05-01;3;0.0011131725417439704
3;2021-06-01;1;0.0006038647342995169
3;2021-07-01;1;0.0009560229445506692
3;2021-08-01;1;0.0037735849056603774
3;2021-10-01;3;0.020689655172413793
3;2021-11-01;2;0.01680672268907563
3;2021-12-01;2;0.1111111111111111
3;2022-01-01;1;0.016666666666666666
3;2022-02-01;4;0.02962962962962963
3;2022-04-01;1;0.012658227848101266
3;2022-05-01;5;0.010309278350515464
3;2022-06-01;20;0.06134969325153374
3;2022-07-01;3;0.01195219123505976
3;2022-08-01;1;0.0045045045045045045
3;2022-09-01;1;0.012987012987012988
3;2023-01-01;3;0.028037383177570093
3;2023-02-01;4;0.045454545454545456
3;2023-04-01;2;0.01834862385321101
3;2023-05-01;3;0.011363636363636364
3;2023-06-01;2;0.03225806451612903
3;2023-08-01;5;0.09803921568627451
3;2023-09-01;1;0.045454545454545456
3;2023-10-01;201;0.01602104256336681
3;2023-11-01;255;0.025302639412581863
3;2023-12-01;153;0.027229044313934865
3;2024-01-01;95;0.032489740082079346
3;2024-02-01;112;0.03469640644361834
3;2024-03-01;97;0.03695238095238095
3;2024-04-01;176;0.04052498273083122
3;2024-05-01;115;0.03887762001352265
3;2024-06-01;113;0.04480570975416336
3;2024-07-01;59;0.027751646284101598
3;2024-08-01;76;0.03828715365239295
3;2024-09-01;53;0.025444071051368217
3;2024-10-01;98;0.028364688856729377
3;2024-11-01;53;0.023337736679876705
3;2024-12-01;50;0.029994001199760048
3;2025-01-01;75;0.02824858757062147
3;2025-02-01;110;0.043685464654487687
3;2025-03-01;64;0.028156621205455347
3;2025-04-01;129;0.04529494382022472
3;2025-05-01;138;0.03793293018141836
3;2025-06-01;219;0.04311872415829888
3;2025-07-01;138;0.034936708860759495
3;2025-08-01;633;0.03028853055170104
3;2025-09-01;24;0.0326530612244898
4;2020-06-01;2;0.028169014084507043
4;2020-09-01;1;0.007518796992481203
4;2021-01-01;2;0.0625
4;2021-02-01;1;0.027777777777777776
4;2021-04-01;3;0.036585365853658534
4;2021-05-01;46;0.017068645640074213
4;2021-06-01;21;0.012681159420289856
4;2021-07-01;22;0.021032504780114723
4;2021-08-01;5;0.018867924528301886
4;2021-09-01;2;0.011695906432748537
4;2021-10-01;2;0.013793103448275862
4;2021-11-01;3;0.025210084033613446
4;2021-12-01;2;0.1111111111111111
4;2022-02-01;3;0.022222222222222223
4;2022-03-01;4;0.0213903743315508
4;2022-04-01;1;0.012658227848101266
4;2022-05-01;21;0.04329896907216495
4;2022-06-01;5;0.015337423312883436
4;2022-07-01;2;0.00796812749003984
4;2022-08-01;13;0.05855855855855856
4;2022-09-01;1;0.012987012987012988
4;2022-10-01;2;0.25
4;2023-01-01;6;0.056074766355140186
4;2023-04-01;2;0.01834862385321101
4;2023-05-01;2;0.007575757575757576
4;2023-07-01;2;0.013333333333333334
4;2023-10-01;288;0.02295552367288379
4;2023-11-01;287;0.028477872593768605
4;2023-12-01;133;0.023669692116034882
4;2024-01-01;72;0.024623803009575923
4;2024-02-01;83;0.025712515489467163
4;2024-03-01;62;0.02361904761904762
4;2024-04-01;156;0.03591987105687313
4;2024-05-01;94;0.03177822853279243
4;2024-06-01;49;0.01942902458366376
4;2024-07-01;23;0.010818438381937912
4;2024-08-01;66;0.03324937027707808
4;2024-09-01;46;0.022083533365338453
4;2024-10-01;108;0.03125904486251809
4;2024-11-01;37;0.016292382210479964
4;2024-12-01;19;0.011397720455908818
4;2025-01-01;50;0.018832391713747645
4;2025-02-01;55;0.021842732327243843
4;2025-03-01;72;0.03167619885613726
4;2025-04-01;56;0.019662921348314606
4;2025-05-01;55;0.015118196811434854
4;2025-06-01;125;0.024611143925969678
4;2025-07-01;184;0.04658227848101266
4;2025-08-01;546;0.02612565194506914
4;2025-09-01;14;0.01904761904761905
5;2020-05-01;2;0.038461538461538464
5;2020-08-01;2;0.015384615384615385
5;2020-09-01;3;0.022556390977443608
5;2021-01-01;2;0.0625
5;2021-04-01;1;0.012195121951219513
5;2021-05-01;25;0.00927643784786642
5;2021-06-01;30;0.018115942028985508
5;2021-07-01;17;0.016252390057361378
5;2021-08-01;7;0.026415094339622643
5;2021-10-01;3;0.020689655172413793
5;2021-11-01;1;0.008403361344537815
5;2022-02-01;5;0.037037037037037035
5;2022-03-01;2;0.0106951871657754
5;2022-04-01;4;0.05063291139240506
5;2022-05-01;10;0.020618556701030927
5;2022-06-01;4;0.012269938650306749
5;2022-07-01;3;0.01195219123505976
5;2022-08-01;1;0.0045045045045045045
5;2023-04-01;1;0.009174311926605505
5;2023-05-01;1;0.003787878787878788
5;2023-07-01;3;0.02
5;2023-08-01;1;0.0196078431372549
5;2023-10-01;113;0.009006854774430098
5;2023-11-01;100;0.009922603691208573
5;2023-12-01;58;0.010322121373909948
5;2024-01-01;29;0.009917920656634747
5;2024-02-01;29;0.008983890954151178
5;2024-03-01;52;0.019809523809523808
5;2024-04-01;45;0.01036150126640571
5;2024-05-01;30;0.010141987829614604
5;2024-06-01;15;0.005947660586835844
5;2024-07-01;20;0.00940733772342427
5;2024-08-01;16;0.008060453400503778
5;2024-09-01;5;0.002400384061449832
5;2024-10-01;24;0.006946454413892909
5;2024-11-01;21;0.009247027741083224
5;2024-12-01;12;0.007198560287942412
5;2025-01-01;29;0.010922787193973634
5;2025-02-01;33;0.013105639396346307
5;2025-03-01;42;0.01847778266608007
5;2025-04-01;21;0.007373595505617977
5;2025-05-01;47;0.01291918636613524
5;2025-06-01;57;0.011222681630242174
5;2025-07-01;20;0.005063291139240506
5;2025-08-01;179;0.00856500311019666
5;2025-09-01;3;0.004081632653061225
6;2020-07-01;1;0.012195121951219513
6;2020-08-01;3;0.023076923076923078
6;2021-02-01;1;0.027777777777777776
6;2021-04-01;1;0.012195121951219513
6;2021-05-01;96;0.03562152133580705
6;2021-06-01;33;0.019927536231884056
6;2021-07-01;41;0.03919694072657744
6;2021-08-01;3;0.011320754716981131
6;2021-09-01;4;0.023391812865497075
6;2021-10-01;5;0.034482758620689655
6;2021-11-01;1;0.008403361344537815
6;2022-02-01;1;0.007407407407407408
6;2022-04-01;3;0.0379746835443038
6;2022-05-01;8;0.016494845360824743
6;2022-06-01;2;0.006134969325153374
6;2022-07-01;12;0.04780876494023904
6;2022-08-01;2;0.009009009009009009
6;2022-09-01;3;0.03896103896103896
6;2022-12-01;1;0.058823529411764705
6;2023-01-01;3;0.028037383177570093
6;2023-02-01;1;0.011363636363636364
6;2023-04-01;2;0.01834862385321101
6;2023-05-01;6;0.022727272727272728
6;2023-06-01;4;0.06451612903225806
6;2023-07-01;1;0.006666666666666667
6;2023-08-01;2;0.0392156862745098
6;2023-10-01;106;0.008448908018491949
6;2023-11-01;64;0.006350466362373487
6;2023-12-01;81;0.014415376401494928
6;2024-01-01;32;0.01094391244870041
6;2024-02-01;22;0.006815365551425031
6;2024-03-01;15;0.005714285714285714
6;2024-04-01;28;0.006447156343541331
6;2024-05-01;19;0.006423258958755916
6;2024-06-01;23;0.009119746233148296
6;2024-07-01;21;0.009877704609595485
6;2024-08-01;14;0.007052896725440806
6;2024-09-01;8;0.003840614498319731
6;2024-10-01;20;0.005788712011577424
6;2024-11-01;19;0.00836635843240863
6;2024-12-01;24;0.014397120575884824
6;2025-01-01;23;0.008662900188323917
6;2025-02-01;16;0.006354249404289118
6;2025-03-01;15;0.006599208095028597
6;2025-04-01;32;0.011235955056179775
6;2025-05-01;31;0.008521165475536009
6;2025-06-01;29;0.0057097853908249655
6;2025-07-01;31;0.007848101265822785
6;2025-08-01;179;0.00856500311019666
6;2025-09-01;9;0.012244897959183673
7;2020-05-01;2;0.038461538461538464
7;2020-06-01;2;0.028169014084507043
7;2020-07-01;2;0.024390243902439025
7;2020-09-01;1;0.007518796992481203
7;2021-05-01;23;0.008534322820037106
7;2021-06-01;8;0.004830917874396135
7;2021-07-01;11;0.010516252390057362
7;2021-08-01;1;0.0037735849056603774
7;2022-03-01;8;0.0427807486631016
7;2022-05-01;3;0.006185567010309278
7;2022-06-01;2;0.006134969325153374
7;2022-07-01;3;0.01195219123505976
7;2022-08-01;1;0.0045045045045045045
7;2023-02-01;1;0.011363636363636364
7;2023-07-01;5;0.03333333333333333
7;2023-10-01;103;0.008209787980232744
7;2023-11-01;86;0.008533439174439373
7;2023-12-01;45;0.00800854244527496
7;2024-01-01;23;0.00786593707250342
7;2024-02-01;29;0.008983890954151178
7;2024-03-01;21;0.008
7;2024-04-01;44;0.010131245682707806
7;2024-05-01;36;0.012170385395537525
7;2024-06-01;29;0.011498810467882634
7;2024-07-01;22;0.010348071495766699
7;2024-08-01;13;0.00654911838790932
7;2024-09-01;29;0.013922227556409025
7;2024-10-01;34;0.009840810419681621
7;2024-11-01;13;0.005724350506384853
7;2024-12-01;9;0.005398920215956809
7;2025-01-01;14;0.005273069679849341
7;2025-02-01;11;0.004368546465448769
7;2025-03-01;16;0.007039155301363837
7;2025-04-01;21;0.007373595505617977
7;2025-05-01;31;0.008521165475536009
7;2025-06-01;34;0.006694231147863753
7;2025-07-01;33;0.008354430379746836
7;2025-08-01;215;0.010287573568113308
7;2025-09-01;5;0.006802721088435374
8;2020-05-01;2;0.038461538461538464
8;2020-06-01;3;0.04225352112676056
8;2021-05-01;19;0.007050092764378479
8;2021-06-01;5;0.0030193236714975845
8;2021-07-01;2;0.0019120458891013384
8;2021-09-01;1;0.005847953216374269
8;2022-03-01;1;0.0053475935828877
8;2022-05-01;1;0.002061855670103093
8;2023-02-01;1;0.011363636363636364
8;2023-04-01;1;0.009174311926605505
8;2023-07-01;2;0.013333333333333334
8;2023-10-01;87;0.006934481109516977
8;2023-11-01;83;0.008235761063703115
8;2023-12-01;45;0.00800854244527496
8;2024-01-01;12;0.004103967168262654
8;2024-02-01;20;0.006195786864931847
8;2024-03-01;6;0.002285714285714286
8;2024-04-01;25;0.005756389592447617
8;2024-05-01;18;0.006085192697768763
8;2024-06-01;16;0.006344171292624901
8;2024-07-01;3;0.0014111006585136407
8;2024-08-01;9;0.004534005037783375
8;2024-09-01;9;0.0043206913106096975
8;2024-10-01;16;0.004630969609261939
8;2024-11-01;10;0.004403346543372964
8;2024-12-01;8;0.004799040191961607
8;2025-01-01;18;0.006779661016949152
8;2025-02-01;13;0.005162827640984908
8;2025-03-01;12;0.005279366476022877
8;2025-04-01;20;0.007022471910112359
8;2025-05-01;25;0.006871907641561297
8;2025-06-01;29;0.0057097853908249655
8;2025-07-01;31;0.007848101265822785
8;2025-08-01;121;0.005789750705775396
9;2020-05-01;2;0.038461538461538464
9;2020-06-01;6;0.08450704225352113
9;2021-05-01;12;0.0044526901669758815
9;2021-06-01;1;0.0006038647342995169
9;2021-07-01;4;0.0038240917782026767
9;2021-08-01;1;0.0037735849056603774
9;2021-09-01;1;0.005847953216374269
9;2022-02-01;2;0.014814814814814815
9;2022-03-01;1;0.0053475935828877
9;2023-05-01;1;0.003787878787878788
9;2023-10-01;61;0.004862107444603858
9;2023-11-01;54;0.00535820599325263
9;2023-12-01;23;0.00409325502758498
9;2024-01-01;33;0.011285909712722298
9;2024-02-01;29;0.008983890954151178
9;2024-03-01;26;0.009904761904761904
9;2024-04-01;81;0.01865070227953028
9;2024-05-01;43;0.0145368492224476
9;2024-06-01;23;0.009119746233148296
9;2024-07-01;18;0.008466603951081843
9;2024-08-01;9;0.004534005037783375
9;2024-09-01;6;0.0028804608737397984
9;2024-10-01;15;0.004341534008683068
9;2024-11-01;16;0.007045354469396741
9;2025-01-01;15;0.005649717514124294
9;2025-02-01;11;0.004368546465448769
9;2025-03-01;35;0.015398152221733392
9;2025-04-01;19;0.006671348314606741
9;2025-05-01;26;0.007146783947223749
9;2025-06-01;21;0.004134672179562906
9;2025-07-01;9;0.002278481012658228
9;2025-08-01;85;0.004067180247858749
9;2025-09-01;1;0.0013605442176870747
10;2020-08-01;1;0.007692307692307693
10;2020-12-01;6;0.8571428571428571
10;2021-03-01;1;0.029411764705882353
10;2021-05-01;19;0.007050092764378479
10;2021-06-01;9;0.005434782608695652
10;2021-07-01;18;0.017208413001912046
10;2021-08-01;3;0.011320754716981131
10;2021-10-01;24;0.16551724137931034
10;2022-03-01;1;0.0053475935828877
10;2022-05-01;2;0.004123711340206186
10;2022-07-01;5;0.0199203187250996
10;2022-09-01;3;0.03896103896103896
10;2023-02-01;3;0.03409090909090909
10;2023-03-01;1;0.25
10;2023-05-01;1;0.003787878787878788
10;2023-07-01;1;0.006666666666666667
10;2023-10-01;61;0.004862107444603858
10;2023-11-01;37;0.003671363365747172
10;2023-12-01;22;0.003915287417689981
10;2024-01-01;24;0.008207934336525308
10;2024-02-01;15;0.004646840148698885
10;2024-03-01;7;0.0026666666666666666
10;2024-04-01;32;0.007368178678332949
10;2024-05-01;19;0.006423258958755916
10;2024-06-01;18;0.007137192704203013
10;2024-07-01;5;0.0023518344308560675
10;2024-08-01;11;0.0055415617128463475
10;2024-09-01;1;0.00048007681228996637
10;2024-10-01;37;0.010709117221418235
10;2024-11-01;4;0.0017613386173491853
10;2024-12-01;10;0.00599880023995201
10;2025-01-01;12;0.004519774011299435
10;2025-02-01;11;0.004368546465448769
10;2025-03-01;3;0.0013198416190057193
10;2025-04-01;10;0.0035112359550561797
10;2025-05-01;7;0.0019241341396371632
10;2025-06-01;35;0.00689112029927151
10;2025-07-01;8;0.0020253164556962027
10;2025-08-01;74;0.0035408392746064405
11;2020-05-01;1;0.019230769230769232
11;2020-07-01;3;0.036585365853658534
11;2020-09-01;9;0.06766917293233082
11;2021-02-01;1;0.027777777777777776
11;2021-03-01;1;0.029411764705882353
11;2021-05-01;29;0.010760667903525046
11;2021-06-01;17;0.010265700483091788
11;2021-07-01;7;0.006692160611854685
11;2021-08-01;2;0.007547169811320755
11;2021-11-01;1;0.008403361344537815
11;2022-02-01;8;0.05925925925925926
11;2022-03-01;3;0.016042780748663103
11;2022-04-01;2;0.02531645569620253
11;2022-05-01;9;0.018556701030927835
11;2022-06-01;4;0.012269938650306749
11;2022-08-01;3;0.013513513513513514
11;2023-02-01;3;0.03409090909090909
11;2023-04-01;1;0.009174311926605505
11;2023-05-01;1;0.003787878787878788
11;2023-06-01;2;0.03225806451612903
11;2023-10-01;100;0.007970667941973538
11;2023-11-01;57;0.005655884103988887
11;2023-12-01;29;0.005161060686954974
11;2024-01-01;23;0.00786593707250342
11;2024-02-01;17;0.005266418835192069
11;2024-03-01;16;0.006095238095238095
11;2024-04-01;25;0.005756389592447617
11;2024-05-01;19;0.006423258958755916
11;2024-06-01;9;0.0035685963521015066
11;2024-07-01;11;0.0051740357478833494
11;2024-08-01;10;0.005037783375314861
11;2024-09-01;9;0.0043206913106096975
11;2024-10-01;24;0.006946454413892909
11;2024-11-01;7;0.0030823425803610744
11;2024-12-01;4;0.0023995200959808036
11;2025-01-01;11;0.004143126177024482
11;2025-02-01;20;0.007942811755361398
11;2025-03-01;9;0.003959524857017158
11;2025-04-01;12;0.004213483146067416
11;2025-05-01;12;0.003298515667949423
11;2025-06-01;26;0.005119117936601693
11;2025-07-01;14;0.0035443037974683543
11;2025-08-01;79;0.0037800851715393082
11;2025-09-01;2;0.0027210884353741495
12;2020-07-01;1;0.012195121951219513
12;2020-08-01;7;0.05384615384615385
12;2020-09-01;2;0.015037593984962405
12;2021-05-01;69;0.025602968460111317
12;2021-06-01;3;0.0018115942028985507
12;2021-07-01;4;0.0038240917782026767
12;2021-08-01;1;0.0037735849056603774
12;2022-07-01;5;0.0199203187250996
12;2023-02-01;3;0.03409090909090909
12;2023-04-01;1;0.009174311926605505
12;2023-10-01;70;0.005579467559381476
12;2023-11-01;60;0.005953562214725144
12;2023-12-01;38;0.006762769176009966
12;2024-01-01;20;0.006839945280437756
12;2024-02-01;17;0.005266418835192069
12;2024-03-01;15;0.005714285714285714
12;2024-04-01;43;0.009900990099009901
12;2024-05-01;21;0.007099391480730223
12;2024-06-01;9;0.0035685963521015066
12;2024-07-01;15;0.0070555032925682035
12;2024-08-01;13;0.00654911838790932
12;2024-09-01;12;0.005760921747479597
12;2024-10-01;9;0.0026049204052098407
12;2024-11-01;18;0.007926023778071334
12;2024-12-01;5;0.002999400119976005
12;2025-01-01;19;0.007156308851224105
12;2025-02-01;17;0.006751389992057188
12;2025-03-01;5;0.002199736031676199
12;2025-04-01;7;0.0024578651685393258
12;2025-05-01;16;0.0043980208905992305
12;2025-06-01;16;0.003150226422524119
12;2025-07-01;9;0.002278481012658228
12;2025-08-01;113;0.005406957270682808
12;2025-09-01;3;0.004081632653061225
13;2021-04-01;1;0.012195121951219513
13;2021-05-01;17;0.006307977736549165
13;2021-06-01;16;0.00966183574879227
13;2021-07-01;8;0.0076481835564053535
13;2021-08-01;2;0.007547169811320755
13;2021-10-01;8;0.05517241379310345
13;2022-05-01;3;0.006185567010309278
13;2023-01-01;1;0.009345794392523364
13;2023-05-01;6;0.022727272727272728
13;2023-06-01;1;0.016129032258064516
13;2023-10-01;61;0.004862107444603858
13;2023-11-01;40;0.0039690414764834295
13;2023-12-01;20;0.003559352197899982
13;2024-01-01;12;0.004103967168262654
13;2024-02-01;11;0.0034076827757125155
13;2024-03-01;20;0.007619047619047619
13;2024-04-01;11;0.0025328114206769514
13;2024-05-01;12;0.004056795131845842
13;2024-06-01;6;0.0023790642347343376
13;2024-07-01;9;0.0042333019755409216
13;2024-08-01;9;0.004534005037783375
13;2024-09-01;4;0.0019203072491598655
13;2024-10-01;11;0.0031837916063675834
13;2024-11-01;5;0.002201673271686482
13;2024-12-01;5;0.002999400119976005
13;2025-01-01;14;0.005273069679849341
13;2025-02-01;47;0.018665607625099286
13;2025-03-01;6;0.0026396832380114386
13;2025-04-01;18;0.006320224719101123
13;2025-05-01;21;0.00577240241891149
13;2025-06-01;15;0.0029533372711163615
13;2025-07-01;29;0.007341772151898734
13;2025-08-01;154;0.0073687736255323225
13;2025-09-01;11;0.014965986394557823
14;2021-05-01;4;0.001484230055658627
14;2021-06-01;2;0.0012077294685990338
14;2022-06-01;1;0.003067484662576687
14;2022-08-01;1;0.0045045045045045045
14;2023-10-01;67;0.00534034752112227
14;2023-11-01;94;0.00932724746973606
14;2023-12-01;59;0.010500088983804947
14;2024-01-01;16;0.005471956224350205
14;2024-02-01;26;0.0080545229244114
14;2024-03-01;14;0.005333333333333333
14;2024-04-01;27;0.006216900759843426
14;2024-05-01;56;0.018931710615280595
14;2024-06-01;9;0.0035685963521015066
14;2024-07-01;7;0.003292568203198495
14;2024-08-01;3;0.0015113350125944584
14;2024-09-01;10;0.004800768122899664
14;2024-10-01;41;0.01186685962373372
14;2024-11-01;4;0.0017613386173491853
14;2024-12-01;3;0.001799640071985603
14;2025-01-01;14;0.005273069679849341
14;2025-02-01;11;0.004368546465448769
14;2025-03-01;17;0.007479102507699076
14;2025-04-01;2;0.0007022471910112359
14;2025-05-01;7;0.0019241341396371632
14;2025-06-01;11;0.0021657806654853317
14;2025-07-01;12;0.0030379746835443038
14;2025-08-01;140;0.006698885114120293
14;2025-09-01;5;0.006802721088435374
15;2020-06-01;4;0.056338028169014086
15;2020-07-01;1;0.012195121951219513
15;2020-09-01;1;0.007518796992481203
15;2021-05-01;19;0.007050092764378479
15;2021-06-01;4;0.0024154589371980675
15;2021-07-01;2;0.0019120458891013384
15;2022-01-01;3;0.05
15;2022-02-01;2;0.014814814814814815
15;2022-04-01;1;0.012658227848101266
15;2022-05-01;1;0.002061855670103093
15;2022-06-01;1;0.003067484662576687
15;2022-07-01;1;0.00398406374501992
15;2023-10-01;47;0.0037462139327275627
15;2023-11-01;46;0.0045643976979559435
15;2023-12-01;29;0.005161060686954974
15;2024-01-01;8;0.0027359781121751026
15;2024-02-01;14;0.004337050805452293
15;2024-03-01;14;0.005333333333333333
15;2024-04-01;18;0.004144600506562284
15;2024-05-01;14;0.004732927653820149
15;2024-06-01;9;0.0035685963521015066
15;2024-07-01;5;0.0023518344308560675
15;2024-08-01;13;0.00654911838790932
15;2024-09-01;14;0.00672107537205953
15;2024-10-01;42;0.01215629522431259
15;2024-11-01;31;0.013650374284456186
15;2024-12-01;10;0.00599880023995201
15;2025-01-01;7;0.0026365348399246705
15;2025-02-01;13;0.005162827640984908
15;2025-03-01;6;0.0026396832380114386
15;2025-04-01;9;0.0031601123595505617
15;2025-05-01;30;0.008246289169873557
15;2025-06-01;10;0.0019688915140775743
15;2025-07-01;32;0.00810126582278481
15;2025-08-01;117;0.005598353988229102
15;2025-09-01;3;0.004081632653061225
16;2020-09-01;2;0.015037593984962405
16;2021-01-01;2;0.0625
16;2021-02-01;1;0.027777777777777776
16;2021-05-01;24;0.008905380333951763
16;2021-06-01;8;0.004830917874396135
16;2021-07-01;6;0.0057361376673040155
16;2021-08-01;2;0.007547169811320755
16;2022-03-01;2;0.0106951871657754
16;2022-05-01;3;0.006185567010309278
16;2022-06-01;2;0.006134969325153374
16;2022-08-01;1;0.0045045045045045045
16;2023-04-01;3;0.027522935779816515
16;2023-05-01;3;0.011363636363636364
16;2023-09-01;2;0.09090909090909091
16;2023-10-01;59;0.004702694085764387
16;2023-11-01;29;0.002877555070450486
16;2023-12-01;20;0.003559352197899982
16;2024-01-01;10;0.003419972640218878
16;2024-02-01;8;0.0024783147459727386
16;2024-03-01;12;0.004571428571428572
16;2024-04-01;17;0.00391434492286438
16;2024-05-01;12;0.004056795131845842
16;2024-06-01;12;0.004758128469468675
16;2024-07-01;4;0.0018814675446848542
16;2024-08-01;5;0.0025188916876574307
16;2024-09-01;10;0.004800768122899664
16;2024-10-01;9;0.0026049204052098407
16;2024-11-01;5;0.002201673271686482
16;2024-12-01;5;0.002999400119976005
16;2025-01-01;6;0.0022598870056497176
16;2025-02-01;10;0.003971405877680699
16;2025-03-01;7;0.0030796304443466782
16;2025-04-01;4;0.0014044943820224719
16;2025-05-01;10;0.002748763056624519
16;2025-06-01;12;0.002362669816893089
16;2025-07-01;14;0.0035443037974683543
16;2025-08-01;100;0.004784917938657352
16;2025-09-01;3;0.004081632653061225
17;2021-05-01;1;0.00037105751391465676
17;2023-10-01;1;7.970667941973537e-05
17;2023-11-01;2;0.00019845207382417147
17;2023-12-01;1;0.0001779676098949991
17;2024-01-01;25;0.008549931600547196
17;2024-02-01;37;0.011462205700123915
17;2024-03-01;24;0.009142857142857144
17;2024-04-01;55;0.012664057103384757
17;2024-05-01;31;0.010480054090601758
17;2024-06-01;8;0.0031720856463124504
17;2024-07-01;23;0.010818438381937912
17;2024-08-01;9;0.004534005037783375
17;2024-09-01;1;0.00048007681228996637
17;2024-10-01;16;0.004630969609261939
17;2024-11-01;5;0.002201673271686482
17;2024-12-01;15;0.008998200359928014
17;2025-01-01;6;0.0022598870056497176
17;2025-02-01;6;0.0023828435266084196
17;2025-03-01;7;0.0030796304443466782
17;2025-04-01;6;0.002106741573033708
17;2025-05-01;24;0.006597031335898846
17;2025-06-01;8;0.0015751132112620594
17;2025-07-01;10;0.002531645569620253
17;2025-08-01;174;0.008325757213263793
17;2025-09-01;19;0.02585034013605442
18;2021-06-01;1;0.0006038647342995169
18;2021-09-01;11;0.06432748538011696
18;2023-10-01;40;0.003188267176789415
18;2023-11-01;49;0.0048620758086922004
18;2023-12-01;63;0.011211959423384944
18;2024-01-01;12;0.004103967168262654
18;2024-02-01;19;0.005885997521685254
18;2024-03-01;13;0.004952380952380952
18;2024-04-01;7;0.0016117890858853327
18;2024-05-01;7;0.0023664638269100743
18;2024-06-01;13;0.005154639175257732
18;2024-07-01;5;0.0023518344308560675
18;2024-08-01;89;0.044836272040302265
18;2024-09-01;9;0.0043206913106096975
18;2024-10-01;15;0.004341534008683068
18;2024-11-01;18;0.007926023778071334
18;2024-12-01;1;0.0005998800239952009
18;2025-01-01;11;0.004143126177024482
18;2025-02-01;6;0.0023828435266084196
18;2025-03-01;5;0.002199736031676199
18;2025-04-01;2;0.0007022471910112359
18;2025-05-01;6;0.0016492578339747114
18;2025-06-01;14;0.002756448119708604
18;2025-07-01;11;0.0027848101265822785
18;2025-08-01;56;0.002679554045648117
18;2025-09-01;3;0.004081632653061225
19;2020-07-01;2;0.024390243902439025
19;2021-05-01;24;0.008905380333951763
19;2021-06-01;5;0.0030193236714975845
19;2021-07-01;1;0.0009560229445506692
19;2021-09-01;1;0.005847953216374269
19;2022-03-01;1;0.0053475935828877
19;2022-05-01;2;0.004123711340206186
19;2022-07-01;1;0.00398406374501992
19;2023-02-01;1;0.011363636363636364
19;2023-05-01;1;0.003787878787878788
19;2023-07-01;1;0.006666666666666667
19;2023-10-01;38;0.003028853817949944
19;2023-11-01;30;0.002976781107362572
19;2023-12-01;12;0.002135611318739989
19;2024-01-01;13;0.004445964432284542
19;2024-02-01;25;0.007744733581164808
19;2024-03-01;19;0.007238095238095238
19;2024-04-01;8;0.0018420446695832373
19;2024-05-01;5;0.0016903313049357674
19;2024-06-01;8;0.0031720856463124504
19;2024-07-01;2;0.0009407337723424271
19;2024-08-01;6;0.003022670025188917
19;2024-09-01;12;0.005760921747479597
19;2024-10-01;24;0.006946454413892909
19;2024-11-01;5;0.002201673271686482
19;2024-12-01;9;0.005398920215956809
19;2025-01-01;5;0.0018832391713747645
19;2025-02-01;5;0.0019857029388403494
19;2025-03-01;12;0.005279366476022877
19;2025-04-01;8;0.0028089887640449437
19;2025-05-01;9;0.002473886750962067
19;2025-06-01;12;0.002362669816893089
19;2025-07-01;20;0.005063291139240506
19;2025-08-01;115;0.005502655629455955
20;2020-05-01;1;0.019230769230769232
20;2020-06-01;11;0.15492957746478872
20;2021-05-01;5;0.0018552875695732839
20;2021-06-01;1;0.0006038647342995169
20;2021-07-01;2;0.0019120458891013384
20;2022-03-01;4;0.0213903743315508
20;2022-05-01;6;0.012371134020618556
20;2022-07-01;1;0.00398406374501992
20;2023-05-01;1;0.003787878787878788
20;2023-10-01;12;0.0009564801530368245
20;2023-11-01;8;0.0007938082952966859
20;2023-12-01;3;0.0005339028296849973
20;2024-01-01;3;0.0010259917920656635
20;2024-02-01;5;0.0015489467162329617
20;2024-03-01;8;0.0030476190476190477
20;2024-04-01;11;0.0025328114206769514
20;2024-05-01;2;0.000676132521974307
20;2024-06-01;9;0.0035685963521015066
20;2024-07-01;1;0.00047036688617121356
20;2024-08-01;5;0.0025188916876574307
20;2024-09-01;2;0.0009601536245799327
20;2024-10-01;2;0.0005788712011577424
20;2024-11-01;10;0.004403346543372964
20;2024-12-01;2;0.0011997600479904018
20;2025-01-01;8;0.0030131826741996233
20;2025-02-01;2;0.0007942811755361397
20;2025-03-01;4;0.0017597888253409592
20;2025-04-01;15;0.0052668539325842695
20;2025-05-01;5;0.0013743815283122594
20;2025-06-01;9;0.0017720023626698169
20;2025-07-01;10;0.002531645569620253
20;2025-08-01;37;0.0017704196373032203
20;2025-09-01;1;0.0013605442176870747
21;2020-07-01;1;0.012195121951219513
21;2020-09-01;4;0.03007518796992481
21;2021-01-01;1;0.03125
21;2021-03-01;1;0.029411764705882353
21;2021-05-01;17;0.006307977736549165
21;2021-06-01;15;0.009057971014492754
21;2021-07-01;13;0.0124282982791587
21;2021-08-01;3;0.011320754716981131
21;2021-09-01;1;0.005847953216374269
21;2022-05-01;2;0.004123711340206186
21;2022-06-01;7;0.02147239263803681
21;2022-07-01;1;0.00398406374501992
21;2023-01-01;3;0.028037383177570093
21;2023-04-01;3;0.027522935779816515
21;2023-05-01;5;0.01893939393939394
21;2023-07-01;12;0.08
21;2023-08-01;1;0.0196078431372549
21;2023-10-01;15;0.0011956001912960307
21;2023-11-01;21;0.0020837467751538006
21;2023-12-01;15;0.0026695141484249867
21;2024-01-01;5;0.001709986320109439
21;2024-02-01;5;0.0015489467162329617
21;2024-03-01;2;0.0007619047619047619
21;2024-04-01;12;0.002763067004374856
21;2024-05-01;7;0.0023664638269100743
21;2024-06-01;10;0.003965107057890563
21;2024-07-01;6;0.0028222013170272815
21;2024-08-01;4;0.0020151133501259445
21;2024-10-01;12;0.0034732272069464545
21;2024-11-01;3;0.001321003963011889
21;2024-12-01;5;0.002999400119976005
21;2025-01-01;2;0.0007532956685499058
21;2025-02-01;9;0.003574265289912629
21;2025-03-01;1;0.0004399472063352398
21;2025-04-01;8;0.0028089887640449437
21;2025-05-01;11;0.0030236393622869707
21;2025-06-01;12;0.002362669816893089
21;2025-07-01;14;0.0035443037974683543
21;2025-08-01;76;0.0036365376333795875
21;2025-09-01;1;0.0013605442176870747
22;2020-08-01;7;0.05384615384615385
22;2021-05-01;4;0.001484230055658627
22;2021-06-01;6;0.0036231884057971015
22;2023-07-01;1;0.006666666666666667
22;2023-10-01;16;0.001275306870715766
22;2023-11-01;23;0.0022821988489779717
22;2023-12-01;9;0.001601708489054992
22;2024-01-01;12;0.004103967168262654
22;2024-02-01;2;0.0006195786864931846
22;2024-03-01;5;0.0019047619047619048
22;2024-04-01;9;0.002072300253281142
22;2024-05-01;13;0.004394861392832995
22;2024-06-01;3;0.0011895321173671688
22;2024-07-01;22;0.010348071495766699
22;2024-08-01;15;0.007556675062972292
22;2024-09-01;5;0.002400384061449832
22;2024-10-01;10;0.002894356005788712
22;2024-11-01;4;0.0017613386173491853
22;2024-12-01;9;0.005398920215956809
22;2025-01-01;2;0.0007532956685499058
22;2025-02-01;4;0.0015885623510722795
22;2025-03-01;4;0.0017597888253409592
22;2025-04-01;8;0.0028089887640449437
22;2025-05-01;39;0.010720175920835623
22;2025-06-01;10;0.0019688915140775743
22;2025-07-01;3;0.0007594936708860759
22;2025-08-01;77;0.0036843868127661612
22;2025-09-01;1;0.0013605442176870747
23;2020-05-01;1;0.019230769230769232
23;2020-09-01;1;0.007518796992481203
23;2021-03-01;1;0.029411764705882353
23;2021-05-01;3;0.0011131725417439704
23;2021-06-01;4;0.0024154589371980675
23;2021-07-01;2;0.0019120458891013384
23;2021-09-01;1;0.005847953216374269
23;2022-02-01;1;0.007407407407407408
23;2022-05-01;1;0.002061855670103093
23;2023-02-01;1;0.011363636363636364
23;2023-05-01;2;0.007575757575757576
23;2023-10-01;15;0.0011956001912960307
23;2023-11-01;11;0.001091486406032943
23;2023-12-01;6;0.0010678056593699946
23;2024-01-01;7;0.0023939808481532147
23;2024-02-01;12;0.0037174721189591076
23;2024-03-01;9;0.0034285714285714284
23;2024-04-01;16;0.0036840893391664746
23;2024-05-01;2;0.000676132521974307
23;2024-06-01;8;0.0031720856463124504
23;2024-07-01;2;0.0009407337723424271
23;2024-08-01;4;0.0020151133501259445
23;2024-09-01;9;0.0043206913106096975
23;2024-10-01;13;0.0037626628075253256
23;2024-11-01;13;0.005724350506384853
23;2025-01-01;3;0.0011299435028248588
23;2025-02-01;13;0.005162827640984908
23;2025-03-01;5;0.002199736031676199
23;2025-04-01;7;0.0024578651685393258
23;2025-05-01;15;0.004123144584936778
23;2025-06-01;16;0.003150226422524119
23;2025-07-01;17;0.004303797468354431
23;2025-08-01;53;0.0025360065074883967
24;2021-06-01;1;0.0006038647342995169
24;2021-11-01;1;0.008403361344537815
24;2023-10-01;216;0.01721664275466284
24;2023-11-01;87;0.008632665211351458
24;2023-12-01;47;0.008364477665064958
24;2024-01-01;28;0.009575923392612859
24;2024-02-01;20;0.006195786864931847
24;2024-03-01;22;0.008380952380952381
24;2024-04-01;21;0.004835367257655998
24;2024-05-01;12;0.004056795131845842
24;2024-06-01;5;0.0019825535289452814
24;2024-07-01;2;0.0009407337723424271
24;2024-08-01;6;0.003022670025188917
24;2024-09-01;3;0.0014402304368698992
24;2024-10-01;8;0.0023154848046309695
24;2025-01-01;6;0.0022598870056497176
24;2025-02-01;25;0.009928514694201748
24;2025-03-01;11;0.004839419269687638
24;2025-04-01;11;0.0038623595505617976
24;2025-05-01;37;0.01017042330951072
24;2025-06-01;14;0.002756448119708604
24;2025-07-01;5;0.0012658227848101266
24;2025-08-01;30;0.0014354753815972055
25;2020-07-01;1;0.012195121951219513
25;2021-02-01;1;0.027777777777777776
25;2021-05-01;5;0.0018552875695732839
25;2021-07-01;1;0.0009560229445506692
25;2021-08-01;2;0.007547169811320755
25;2023-10-01;13;0.0010361868324565598
25;2023-11-01;8;0.0007938082952966859
25;2023-12-01;2;0.0003559352197899982
25;2024-01-01;3;0.0010259917920656635
25;2024-02-01;13;0.0040272614622057
25;2024-03-01;11;0.004190476190476191
25;2024-04-01;6;0.001381533502187428
25;2024-05-01;2;0.000676132521974307
25;2024-06-01;4;0.0015860428231562252
25;2024-07-01;1;0.00047036688617121356
25;2024-08-01;1;0.0005037783375314861
25;2024-09-01;1;0.00048007681228996637
25;2024-10-01;9;0.0026049204052098407
25;2024-11-01;5;0.002201673271686482
25;2024-12-01;1;0.0005998800239952009
25;2025-01-01;2;0.0007532956685499058
25;2025-02-01;2;0.0007942811755361397
25;2025-03-01;3;0.0013198416190057193
25;2025-04-01;2;0.0007022471910112359
25;2025-05-01;10;0.002748763056624519
25;2025-06-01;33;0.006497341996455995
25;2025-07-01;10;0.002531645569620253
25;2025-08-01;49;0.0023446097899421023
25;2025-09-01;1;0.0013605442176870747
26;2020-08-01;2;0.015384615384615385
26;2021-05-01;8;0.002968460111317254
26;2021-06-01;5;0.0030193236714975845
26;2021-07-01;4;0.0038240917782026767
26;2021-09-01;3;0.017543859649122806
26;2022-03-01;1;0.0053475935828877
26;2022-06-01;2;0.006134969325153374
26;2022-08-01;1;0.0045045045045045045
26;2023-01-01;2;0.018691588785046728
26;2023-10-01;43;0.003427387215048621
26;2023-11-01;25;0.0024806509228021433
26;2023-12-01;20;0.003559352197899982
26;2024-01-01;5;0.001709986320109439
26;2024-02-01;11;0.0034076827757125155
26;2024-03-01;8;0.0030476190476190477
26;2024-04-01;10;0.002302555836979047
26;2024-05-01;13;0.004394861392832995
26;2024-06-01;19;0.00753370340999207
26;2024-07-01;12;0.005644402634054563
26;2024-08-01;10;0.005037783375314861
26;2024-09-01;8;0.003840614498319731
26;2024-10-01;7;0.0020260492040520984
26;2024-11-01;5;0.002201673271686482
26;2024-12-01;6;0.003599280143971206
26;2025-01-01;4;0.0015065913370998117
26;2025-02-01;3;0.0011914217633042098
26;2025-03-01;7;0.0030796304443466782
26;2025-04-01;6;0.002106741573033708
26;2025-05-01;5;0.0013743815283122594
26;2025-06-01;11;0.0021657806654853317
26;2025-07-01;13;0.003291139240506329
26;2025-08-01;45;0.0021532130723958083
27;2020-08-01;1;0.007692307692307693
27;2020-09-01;5;0.03759398496240601
27;2021-02-01;1;0.027777777777777776
27;2021-05-01;4;0.001484230055658627
27;2021-06-01;7;0.004227053140096618
27;2021-07-01;1;0.0009560229445506692
27;2021-08-01;1;0.0037735849056603774
27;2021-09-01;1;0.005847953216374269
27;2021-11-01;4;0.03361344537815126
27;2022-05-01;1;0.002061855670103093
27;2022-06-01;1;0.003067484662576687
27;2023-04-01;1;0.009174311926605505
27;2023-05-01;5;0.01893939393939394
27;2023-10-01;23;0.0018332536266539136
27;2023-11-01;18;0.0017860686644175431
27;2023-12-01;17;0.003025449368214985
27;2024-01-01;8;0.0027359781121751026
27;2024-02-01;5;0.0015489467162329617
27;2024-03-01;4;0.0015238095238095239
27;2024-04-01;4;0.0009210223347916187
27;2024-05-01;5;0.0016903313049357674
27;2024-06-01;2;0.0007930214115781126
27;2024-07-01;7;0.003292568203198495
27;2024-08-01;3;0.0015113350125944584
27;2024-09-01;1;0.00048007681228996637
27;2024-10-01;6;0.0017366136034732273
27;2024-11-01;4;0.0017613386173491853
27;2024-12-01;4;0.0023995200959808036
27;2025-01-01;9;0.003389830508474576
27;2025-02-01;4;0.0015885623510722795
27;2025-03-01;4;0.0017597888253409592
27;2025-04-01;2;0.0007022471910112359
27;2025-05-01;9;0.002473886750962067
27;2025-06-01;3;0.0005906674542232723
27;2025-07-01;8;0.0020253164556962027
27;2025-08-01;26;0.0012440786640509115
27;2025-09-01;1;0.0013605442176870747
28;2020-06-01;1;0.014084507042253521
28;2020-09-01;1;0.007518796992481203
28;2021-05-01;6;0.0022263450834879408
28;2021-06-01;2;0.0012077294685990338
28;2021-07-01;5;0.004780114722753346
28;2021-08-01;1;0.0037735849056603774
28;2022-08-01;4;0.018018018018018018
28;2023-10-01;43;0.003427387215048621
28;2023-11-01;29;0.002877555070450486
28;2023-12-01;17;0.003025449368214985
28;2024-01-01;6;0.002051983584131327
28;2024-02-01;5;0.0015489467162329617
28;2024-03-01;22;0.008380952380952381
28;2024-04-01;12;0.002763067004374856
28;2024-05-01;5;0.0016903313049357674
28;2024-06-01;11;0.0043616177636796195
28;2024-07-01;6;0.0028222013170272815
28;2024-08-01;4;0.0020151133501259445
28;2024-09-01;3;0.0014402304368698992
28;2024-10-01;16;0.004630969609261939
28;2024-11-01;4;0.0017613386173491853
28;2024-12-01;18;0.010797840431913617
28;2025-01-01;6;0.0022598870056497176
28;2025-02-01;5;0.0019857029388403494
28;2025-03-01;3;0.0013198416190057193
28;2025-04-01;10;0.0035112359550561797
28;2025-05-01;6;0.0016492578339747114
28;2025-06-01;11;0.0021657806654853317
28;2025-07-01;10;0.002531645569620253
28;2025-08-01;64;0.0030623474807407055
28;2025-09-01;2;0.0027210884353741495
29;2020-08-01;2;0.015384615384615385
29;2021-01-01;1;0.03125
29;2021-02-01;1;0.027777777777777776
29;2021-05-01;3;0.0011131725417439704
29;2021-06-01;7;0.004227053140096618
29;2021-07-01;4;0.0038240917782026767
29;2021-08-01;4;0.01509433962264151
29;2021-10-01;1;0.006896551724137931
29;2022-05-01;4;0.008247422680412371
29;2022-06-01;1;0.003067484662576687
29;2022-07-01;6;0.02390438247011952
29;2022-08-01;1;0.0045045045045045045
29;2022-09-01;2;0.025974025974025976
29;2023-01-01;2;0.018691588785046728
29;2023-06-01;1;0.016129032258064516
29;2023-07-01;1;0.006666666666666667
29;2023-10-01;42;0.003347680535628886
29;2023-11-01;34;0.0033736852550109147
29;2023-12-01;16;0.0028474817583199856
29;2024-01-01;2;0.0006839945280437756
29;2024-02-01;5;0.0015489467162329617
29;2024-03-01;8;0.0030476190476190477
29;2024-04-01;15;0.00345383375546857
29;2024-05-01;2;0.000676132521974307
29;2024-06-01;8;0.0031720856463124504
29;2024-07-01;2;0.0009407337723424271
29;2024-08-01;4;0.0020151133501259445
29;2024-09-01;3;0.0014402304368698992
29;2024-10-01;10;0.002894356005788712
29;2024-11-01;5;0.002201673271686482
29;2024-12-01;5;0.002999400119976005
29;2025-01-01;6;0.0022598870056497176
29;2025-02-01;12;0.004765687053216839
29;2025-03-01;6;0.0026396832380114386
29;2025-04-01;5;0.0017556179775280898
29;2025-05-01;10;0.002748763056624519
29;2025-06-01;10;0.0019688915140775743
29;2025-07-01;9;0.002278481012658228
29;2025-08-01;41;0.0019618163548495143
29;2025-09-01;1;0.0013605442176870747
30;2020-09-01;1;0.007518796992481203
30;2021-05-01;9;0.003339517625231911
30;2021-06-01;8;0.004830917874396135
30;2021-07-01;3;0.0028680688336520078
30;2021-09-01;1;0.005847953216374269
30;2021-11-01;1;0.008403361344537815
30;2021-12-01;1;0.05555555555555555
30;2022-03-01;2;0.0106951871657754
30;2022-04-01;2;0.02531645569620253
30;2022-05-01;1;0.002061855670103093
30;2022-06-01;1;0.003067484662576687
30;2022-08-01;1;0.0045045045045045045
30;2023-01-01;2;0.018691588785046728
30;2023-05-01;1;0.003787878787878788
30;2023-10-01;32;0.002550613741431532
30;2023-11-01;41;0.004068267513395515
30;2023-12-01;13;0.0023135789286349885
30;2024-01-01;5;0.001709986320109439
30;2024-02-01;7;0.0021685254027261464
30;2024-03-01;5;0.0019047619047619048
30;2024-04-01;10;0.002302555836979047
30;2024-05-01;7;0.0023664638269100743
30;2024-06-01;1;0.0003965107057890563
30;2024-07-01;2;0.0009407337723424271
30;2024-08-01;7;0.003526448362720403
30;2024-09-01;12;0.005760921747479597
30;2024-10-01;19;0.005499276410998553
30;2024-11-01;10;0.004403346543372964
30;2024-12-01;1;0.0005998800239952009
30;2025-01-01;15;0.005649717514124294
30;2025-02-01;5;0.0019857029388403494
30;2025-03-01;5;0.002199736031676199
30;2025-04-01;8;0.0028089887640449437
30;2025-05-01;8;0.0021990104452996153
30;2025-06-01;22;0.0043315613309706635
30;2025-07-01;14;0.0035443037974683543
30;2025-08-01;35;0.0016747212785300732
30;2025-09-01;1;0.0013605442176870747
31;2021-07-01;1;0.0009560229445506692
31;2023-01-01;1;0.009345794392523364
31;2023-06-01;1;0.016129032258064516
31;2023-10-01;6;0.00047824007651841227
31;2023-11-01;7;0.0006945822583846001
31;2023-12-01;5;0.0008898380494749955
31;2024-01-01;17;0.005813953488372093
31;2024-02-01;8;0.0024783147459727386
31;2024-03-01;1;0.00038095238095238096
31;2024-04-01;3;0.000690766751093714
31;2024-05-01;5;0.0016903313049357674
31;2024-06-01;1;0.0003965107057890563
31;2024-07-01;6;0.0028222013170272815
31;2024-08-01;40;0.020151133501259445
31;2024-09-01;3;0.0014402304368698992
31;2024-10-01;3;0.0008683068017366136
31;2024-11-01;4;0.0017613386173491853
31;2024-12-01;1;0.0005998800239952009
31;2025-01-01;4;0.0015065913370998117
31;2025-02-01;1;0.0003971405877680699
31;2025-03-01;2;0.0008798944126704796
31;2025-04-01;11;0.0038623595505617976
31;2025-05-01;9;0.002473886750962067
31;2025-06-01;10;0.0019688915140775743
31;2025-07-01;11;0.0027848101265822785
31;2025-08-01;35;0.0016747212785300732
32;2020-07-01;4;0.04878048780487805
32;2020-08-01;1;0.007692307692307693
32;2021-05-01;15;0.0055658627087198514
32;2021-06-01;2;0.0012077294685990338
32;2021-07-01;1;0.0009560229445506692
32;2021-08-01;1;0.0037735849056603774
32;2022-04-01;1;0.012658227848101266
32;2022-05-01;1;0.002061855670103093
32;2023-05-01;1;0.003787878787878788
32;2023-07-01;1;0.006666666666666667
32;2023-10-01;50;0.003985333970986769
32;2023-11-01;24;0.0023814248858900575
32;2023-12-01;14;0.0024915465385299874
32;2024-01-01;7;0.0023939808481532147
32;2024-02-01;4;0.0012391573729863693
32;2024-03-01;7;0.0026666666666666666
32;2024-04-01;14;0.0032235781717706653
32;2024-05-01;6;0.002028397565922921
32;2024-06-01;10;0.003965107057890563
32;2024-07-01;1;0.00047036688617121356
32;2024-08-01;2;0.0010075566750629723
32;2024-09-01;3;0.0014402304368698992
32;2024-10-01;3;0.0008683068017366136
32;2024-11-01;7;0.0030823425803610744
32;2024-12-01;1;0.0005998800239952009
32;2025-01-01;4;0.0015065913370998117
32;2025-02-01;2;0.0007942811755361397
32;2025-03-01;2;0.0008798944126704796
32;2025-04-01;3;0.001053370786516854
32;2025-05-01;6;0.0016492578339747114
32;2025-06-01;7;0.001378224059854302
32;2025-07-01;6;0.0015189873417721519
32;2025-08-01;35;0.0016747212785300732
32;2025-09-01;1;0.0013605442176870747
33;2020-07-01;1;0.012195121951219513
33;2020-09-01;3;0.022556390977443608
33;2021-03-01;2;0.058823529411764705
33;2021-05-01;13;0.004823747680890538
33;2021-06-01;6;0.0036231884057971015
33;2021-07-01;2;0.0019120458891013384
33;2021-08-01;4;0.01509433962264151
33;2022-03-01;1;0.0053475935828877
33;2022-05-01;1;0.002061855670103093
33;2023-02-01;2;0.022727272727272728
33;2023-09-01;1;0.045454545454545456
33;2023-10-01;32;0.002550613741431532
33;2023-11-01;22;0.002182972812065886
33;2023-12-01;22;0.003915287417689981
33;2024-01-01;3;0.0010259917920656635
33;2024-02-01;4;0.0012391573729863693
33;2024-03-01;3;0.001142857142857143
33;2024-04-01;4;0.0009210223347916187
33;2024-05-01;5;0.0016903313049357674
33;2024-06-01;3;0.0011895321173671688
33;2024-07-01;5;0.0023518344308560675
33;2024-08-01;7;0.003526448362720403
33;2024-09-01;3;0.0014402304368698992
33;2024-10-01;6;0.0017366136034732273
33;2024-11-01;2;0.0008806693086745927
33;2024-12-01;4;0.0023995200959808036
33;2025-01-01;1;0.0003766478342749529
33;2025-02-01;3;0.0011914217633042098
33;2025-03-01;2;0.0008798944126704796
33;2025-04-01;2;0.0007022471910112359
33;2025-05-01;1;0.0002748763056624519
33;2025-06-01;6;0.0011813349084465446
33;2025-07-01;11;0.0027848101265822785
33;2025-08-01;34;0.0016268720991434997
33;2025-09-01;2;0.0027210884353741495
34;2020-05-01;1;0.019230769230769232
34;2020-06-01;2;0.028169014084507043
34;2020-10-01;1;0.07692307692307693
34;2021-02-01;1;0.027777777777777776
34;2021-05-01;4;0.001484230055658627
34;2021-07-01;2;0.0019120458891013384
34;2022-02-01;2;0.014814814814814815
34;2023-06-01;1;0.016129032258064516
34;2023-10-01;15;0.0011956001912960307
34;2023-11-01;40;0.0039690414764834295
34;2023-12-01;14;0.0024915465385299874
34;2024-01-01;5;0.001709986320109439
34;2024-02-01;2;0.0006195786864931846
34;2024-03-01;8;0.0030476190476190477
34;2024-04-01;11;0.0025328114206769514
34;2024-06-01;1;0.0003965107057890563
34;2024-07-01;4;0.0018814675446848542
34;2024-08-01;5;0.0025188916876574307
34;2024-09-01;5;0.002400384061449832
34;2024-10-01;4;0.0011577424023154848
34;2024-11-01;1;0.00044033465433729633
34;2024-12-01;4;0.0023995200959808036
34;2025-01-01;1;0.0003766478342749529
34;2025-02-01;4;0.0015885623510722795
34;2025-03-01;10;0.004399472063352398
34;2025-04-01;23;0.008075842696629214
34;2025-05-01;19;0.005222649807586586
34;2025-06-01;10;0.0019688915140775743
34;2025-07-01;5;0.0012658227848101266
34;2025-08-01;59;0.0028231015838078377
34;2025-09-01;16;0.021768707482993196
35;2021-03-01;3;0.08823529411764706
35;2021-05-01;7;0.0025974025974025974
35;2021-06-01;21;0.012681159420289856
35;2021-07-01;10;0.009560229445506692
35;2021-08-01;1;0.0037735849056603774
35;2021-09-01;6;0.03508771929824561
35;2021-11-01;1;0.008403361344537815
35;2022-02-01;1;0.007407407407407408
35;2022-05-01;8;0.016494845360824743
35;2022-06-01;3;0.009202453987730062
35;2022-07-01;1;0.00398406374501992
35;2023-01-01;4;0.037383177570093455
35;2023-05-01;6;0.022727272727272728
35;2023-06-01;1;0.016129032258064516
35;2023-10-01;4;0.0003188267176789415
35;2023-11-01;6;0.0005953562214725144
35;2023-12-01;13;0.0023135789286349885
35;2024-01-01;7;0.0023939808481532147
35;2024-02-01;2;0.0006195786864931846
35;2024-03-01;2;0.0007619047619047619
35;2024-04-01;7;0.0016117890858853327
35;2024-05-01;3;0.0010141987829614604
35;2024-06-01;4;0.0015860428231562252
35;2024-07-01;10;0.004703668861712135
35;2024-08-01;3;0.0015113350125944584
35;2024-10-01;6;0.0017366136034732273
35;2024-11-01;6;0.002642007926023778
35;2025-01-01;3;0.0011299435028248588
35;2025-02-01;8;0.003177124702144559
35;2025-04-01;8;0.0028089887640449437
35;2025-05-01;6;0.0016492578339747114
35;2025-06-01;5;0.0009844457570387872
35;2025-07-01;6;0.0015189873417721519
35;2025-08-01;45;0.0021532130723958083
36;2020-06-01;2;0.028169014084507043
36;2021-05-01;10;0.0037105751391465678
36;2021-06-01;4;0.0024154589371980675
36;2021-07-01;2;0.0019120458891013384
36;2021-10-01;1;0.006896551724137931
36;2022-02-01;1;0.007407407407407408
36;2022-03-01;1;0.0053475935828877
36;2022-04-01;2;0.02531645569620253
36;2022-05-01;2;0.004123711340206186
36;2022-07-01;2;0.00796812749003984
36;2023-01-01;1;0.009345794392523364
36;2023-10-01;22;0.0017535469472341782
36;2023-11-01;15;0.001488390553681286
36;2023-12-01;3;0.0005339028296849973
36;2024-01-01;4;0.0013679890560875513
36;2024-02-01;10;0.0030978934324659233
36;2024-03-01;5;0.0019047619047619048
36;2024-04-01;18;0.004144600506562284
36;2024-05-01;3;0.0010141987829614604
36;2024-06-01;1;0.0003965107057890563
36;2024-07-01;5;0.0023518344308560675
36;2024-08-01;4;0.0020151133501259445
36;2024-09-01;3;0.0014402304368698992
36;2024-10-01;8;0.0023154848046309695
36;2024-11-01;5;0.002201673271686482
36;2024-12-01;1;0.0005998800239952009
36;2025-01-01;2;0.0007532956685499058
36;2025-02-01;4;0.0015885623510722795
36;2025-03-01;5;0.002199736031676199
36;2025-04-01;4;0.0014044943820224719
36;2025-05-01;7;0.0019241341396371632
36;2025-06-01;14;0.002756448119708604
36;2025-07-01;4;0.0010126582278481013
36;2025-08-01;32;0.0015311737403703527
36;2025-09-01;2;0.0027210884353741495
37;2021-03-01;1;0.029411764705882353
37;2021-05-01;6;0.0022263450834879408
37;2021-06-01;9;0.005434782608695652
37;2021-07-01;1;0.0009560229445506692
37;2022-01-01;6;0.1
37;2022-05-01;2;0.004123711340206186
37;2023-01-01;1;0.009345794392523364
37;2023-05-01;1;0.003787878787878788
37;2023-07-01;2;0.013333333333333334
37;2023-10-01;8;0.000637653435357883
37;2023-11-01;6;0.0005953562214725144
37;2023-12-01;9;0.001601708489054992
37;2024-01-01;9;0.0030779753761969904
37;2024-02-01;7;0.0021685254027261464
37;2024-03-01;5;0.0019047619047619048
37;2024-04-01;5;0.0011512779184895234
37;2024-05-01;1;0.0003380662609871535
37;2024-06-01;2;0.0007930214115781126
37;2024-08-01;2;0.0010075566750629723
37;2024-09-01;2;0.0009601536245799327
37;2024-10-01;9;0.0026049204052098407
37;2024-11-01;10;0.004403346543372964
37;2024-12-01;2;0.0011997600479904018
37;2025-01-01;8;0.0030131826741996233
37;2025-03-01;3;0.0013198416190057193
37;2025-04-01;2;0.0007022471910112359
37;2025-05-01;3;0.0008246289169873557
37;2025-07-01;9;0.002278481012658228
37;2025-08-01;48;0.002296760610555529
37;2025-09-01;1;0.0013605442176870747
38;2021-05-01;2;0.0007421150278293135
38;2021-11-01;1;0.008403361344537815
38;2022-08-01;1;0.0045045045045045045
38;2023-10-01;11;0.0008767734736170891
38;2023-11-01;39;0.0038698154395713437
38;2023-12-01;31;0.005516995906744973
38;2024-01-01;8;0.0027359781121751026
38;2024-02-01;6;0.0018587360594795538
38;2024-03-01;11;0.004190476190476191
38;2024-04-01;5;0.0011512779184895234
38;2024-05-01;7;0.0023664638269100743
38;2024-06-01;5;0.0019825535289452814
38;2024-07-01;6;0.0028222013170272815
38;2024-08-01;8;0.004030226700251889
38;2024-09-01;2;0.0009601536245799327
38;2024-10-01;10;0.002894356005788712
38;2024-11-01;2;0.0008806693086745927
38;2024-12-01;3;0.001799640071985603
38;2025-01-01;23;0.008662900188323917
38;2025-02-01;4;0.0015885623510722795
38;2025-03-01;6;0.0026396832380114386
38;2025-04-01;7;0.0024578651685393258
38;2025-05-01;2;0.0005497526113249038
38;2025-06-01;2;0.00039377830281551486
38;2025-07-01;4;0.0010126582278481013
38;2025-08-01;23;0.001100531125891191
39;2021-05-01;6;0.0022263450834879408
39;2021-06-01;86;0.051932367149758456
39;2021-07-01;2;0.0019120458891013384
39;2021-09-01;2;0.011695906432748537
39;2022-03-01;1;0.0053475935828877
39;2023-10-01;1;7.970667941973537e-05
39;2023-11-01;1;9.922603691208574e-05
39;2023-12-01;2;0.0003559352197899982
39;2024-01-01;2;0.0006839945280437756
39;2024-09-01;1;0.00048007681228996637
39;2024-10-01;1;0.0002894356005788712
39;2024-11-01;1;0.00044033465433729633
39;2025-05-01;1;0.0002748763056624519
39;2025-08-01;3;0.00014354753815972056
40;2024-03-01;6;0.002285714285714286
40;2024-10-01;1;0.0002894356005788712
40;2024-11-01;147;0.06472919418758256
40;2024-12-01;1;0.0005998800239952009
40;2025-01-01;1;0.0003766478342749529
40;2025-02-01;1;0.0003971405877680699
40;2025-03-01;1;0.0004399472063352398
40;2025-04-01;4;0.0014044943820224719
40;2025-05-01;1;0.0002748763056624519
40;2025-06-01;2;0.00039377830281551486
40;2025-08-01;4;0.0001913967175462941
41;2020-08-01;1;0.007692307692307693
41;2021-05-01;3;0.0011131725417439704
41;2021-06-01;6;0.0036231884057971015
41;2021-09-01;1;0.005847953216374269
41;2022-02-01;2;0.014814814814814815
41;2022-03-01;1;0.0053475935828877
41;2022-08-01;4;0.018018018018018018
41;2023-02-01;2;0.022727272727272728
41;2023-10-01;51;0.0040650406504065045
41;2023-11-01;8;0.0007938082952966859
41;2023-12-01;12;0.002135611318739989
41;2024-01-01;7;0.0023939808481532147
41;2024-03-01;6;0.002285714285714286
41;2024-04-01;7;0.0016117890858853327
41;2024-05-01;6;0.002028397565922921
41;2024-06-01;5;0.0019825535289452814
41;2024-07-01;4;0.0018814675446848542
41;2024-08-01;2;0.0010075566750629723
41;2024-09-01;2;0.0009601536245799327
41;2024-10-01;2;0.0005788712011577424
41;2024-11-01;1;0.00044033465433729633
41;2024-12-01;13;0.007798440311937612
41;2025-01-01;2;0.0007532956685499058
41;2025-02-01;8;0.003177124702144559
41;2025-04-01;5;0.0017556179775280898
41;2025-05-01;1;0.0002748763056624519
41;2025-06-01;23;0.004528450482378421
41;2025-07-01;7;0.0017721518987341772
41;2025-08-01;31;0.0014833245609837792
41;2025-09-01;1;0.0013605442176870747
42;2021-05-01;5;0.0018552875695732839
42;2021-06-01;2;0.0012077294685990338
42;2021-08-01;1;0.0037735849056603774
42;2021-11-01;1;0.008403361344537815
42;2022-07-01;1;0.00398406374501992
42;2022-08-01;2;0.009009009009009009
42;2023-10-01;21;0.001673840267814443
42;2023-11-01;19;0.001885294701329629
42;2023-12-01;7;0.0012457732692649937
42;2024-01-01;2;0.0006839945280437756
42;2024-02-01;7;0.0021685254027261464
42;2024-03-01;6;0.002285714285714286
42;2024-04-01;6;0.001381533502187428
42;2024-05-01;1;0.0003380662609871535
42;2024-06-01;7;0.0027755749405233942
42;2024-07-01;2;0.0009407337723424271
42;2024-08-01;2;0.0010075566750629723
42;2024-09-01;2;0.0009601536245799327
42;2024-10-01;3;0.0008683068017366136
42;2024-11-01;9;0.003963011889035667
42;2024-12-01;1;0.0005998800239952009
42;2025-02-01;5;0.0019857029388403494
42;2025-03-01;4;0.0017597888253409592
42;2025-04-01;3;0.001053370786516854
42;2025-05-01;7;0.0019241341396371632
42;2025-06-01;22;0.0043315613309706635
42;2025-07-01;12;0.0030379746835443038
42;2025-08-01;35;0.0016747212785300732
42;2025-09-01;1;0.0013605442176870747
43;2020-09-01;1;0.007518796992481203
43;2021-05-01;2;0.0007421150278293135
43;2021-06-01;3;0.0018115942028985507
43;2022-04-01;1;0.012658227848101266
43;2022-08-01;1;0.0045045045045045045
43;2023-04-01;2;0.01834862385321101
43;2023-10-01;3;0.00023912003825920613
43;2023-12-01;3;0.0005339028296849973
43;2024-01-01;50;0.01709986320109439
43;2024-02-01;3;0.0009293680297397769
43;2024-03-01;2;0.0007619047619047619
43;2024-05-01;1;0.0003380662609871535
43;2024-06-01;3;0.0011895321173671688
43;2024-07-01;2;0.0009407337723424271
43;2024-09-01;1;0.00048007681228996637
43;2024-10-01;1;0.0002894356005788712
43;2024-11-01;1;0.00044033465433729633
43;2024-12-01;45;0.026994601079784044
43;2025-01-01;3;0.0011299435028248588
43;2025-04-01;1;0.00035112359550561797
43;2025-05-01;3;0.0008246289169873557
43;2025-06-01;1;0.00019688915140775743
43;2025-08-01;5;0.0002392458969328676
44;2021-05-01;1;0.00037105751391465676
44;2021-06-01;1;0.0006038647342995169
44;2021-09-01;1;0.005847953216374269
44;2022-07-01;1;0.00398406374501992
44;2023-05-01;3;0.011363636363636364
44;2023-10-01;7;0.0005579467559381476
44;2023-11-01;4;0.00039690414764834294
44;2023-12-01;3;0.0005339028296849973
44;2024-02-01;4;0.0012391573729863693
44;2024-03-01;2;0.0007619047619047619
44;2024-04-01;14;0.0032235781717706653
44;2024-05-01;2;0.000676132521974307
44;2024-06-01;3;0.0011895321173671688
44;2024-07-01;2;0.0009407337723424271
44;2024-08-01;6;0.003022670025188917
44;2024-09-01;6;0.0028804608737397984
44;2024-10-01;5;0.001447178002894356
44;2024-11-01;8;0.0035226772346983706
44;2024-12-01;1;0.0005998800239952009
44;2025-01-01;2;0.0007532956685499058
44;2025-02-01;11;0.004368546465448769
44;2025-03-01;7;0.0030796304443466782
44;2025-04-01;5;0.0017556179775280898
44;2025-05-01;10;0.002748763056624519
44;2025-06-01;22;0.0043315613309706635
44;2025-07-01;9;0.002278481012658228
44;2025-08-01;37;0.0017704196373032203
45;2021-03-01;1;0.029411764705882353
45;2021-05-01;6;0.0022263450834879408
45;2021-07-01;1;0.0009560229445506692
45;2021-08-01;1;0.0037735849056603774
45;2021-10-01;1;0.006896551724137931
45;2022-03-01;1;0.0053475935828877
45;2023-04-01;1;0.009174311926605505
45;2023-10-01;13;0.0010361868324565598
45;2023-11-01;13;0.0012899384798571146
45;2023-12-01;1;0.0001779676098949991
45;2024-01-01;1;0.0003419972640218878
45;2024-03-01;1;0.00038095238095238096
45;2024-05-01;1;0.0003380662609871535
45;2024-06-01;3;0.0011895321173671688
45;2024-07-01;3;0.0014111006585136407
45;2024-08-01;7;0.003526448362720403
45;2024-10-01;3;0.0008683068017366136
45;2024-11-01;12;0.005284015852047556
45;2024-12-01;8;0.004799040191961607
45;2025-01-01;2;0.0007532956685499058
45;2025-02-01;1;0.0003971405877680699
45;2025-03-01;1;0.0004399472063352398
45;2025-05-01;3;0.0008246289169873557
45;2025-06-01;1;0.00019688915140775743
45;2025-07-01;2;0.0005063291139240507
45;2025-08-01;11;0.0005263409732523087
46;2020-09-01;1;0.007518796992481203
46;2021-05-01;6;0.0022263450834879408
46;2021-06-01;3;0.0018115942028985507
46;2021-07-01;1;0.0009560229445506692
46;2021-08-01;1;0.0037735849056603774
46;2021-11-01;2;0.01680672268907563
46;2022-03-01;1;0.0053475935828877
46;2022-05-01;1;0.002061855670103093
46;2022-08-01;2;0.009009009009009009
46;2023-10-01;14;0.0011158935118762952
46;2023-11-01;15;0.001488390553681286
46;2023-12-01;5;0.0008898380494749955
46;2024-01-01;7;0.0023939808481532147
46;2024-02-01;6;0.0018587360594795538
46;2024-03-01;3;0.001142857142857143
46;2024-04-01;6;0.001381533502187428
46;2024-05-01;2;0.000676132521974307
46;2024-06-01;3;0.0011895321173671688
46;2024-07-01;2;0.0009407337723424271
46;2024-08-01;6;0.003022670025188917
46;2024-09-01;1;0.00048007681228996637
46;2024-10-01;4;0.0011577424023154848
46;2024-11-01;5;0.002201673271686482
46;2025-01-01;2;0.0007532956685499058
46;2025-02-01;5;0.0019857029388403494
46;2025-03-01;1;0.0004399472063352398
46;2025-05-01;17;0.004672897196261682
46;2025-06-01;18;0.0035440047253396337
46;2025-07-01;3;0.0007594936708860759
46;2025-08-01;12;0.0005741901526388822
47;2020-08-01;2;0.015384615384615385
47;2020-09-01;1;0.007518796992481203
47;2021-05-01;4;0.001484230055658627
47;2022-03-01;1;0.0053475935828877
47;2022-05-01;1;0.002061855670103093
47;2022-06-01;2;0.006134969325153374
47;2022-07-01;4;0.01593625498007968
47;2023-01-01;1;0.009345794392523364
47;2023-10-01;12;0.0009564801530368245
47;2023-11-01;5;0.0004961301845604287
47;2023-12-01;9;0.001601708489054992
47;2024-01-01;5;0.001709986320109439
47;2024-02-01;3;0.0009293680297397769
47;2024-03-01;5;0.0019047619047619048
47;2024-04-01;9;0.002072300253281142
47;2024-05-01;5;0.0016903313049357674
47;2024-07-01;1;0.00047036688617121356
47;2024-09-01;2;0.0009601536245799327
47;2024-10-01;2;0.0005788712011577424
47;2024-11-01;2;0.0008806693086745927
47;2024-12-01;1;0.0005998800239952009
47;2025-01-01;4;0.0015065913370998117
47;2025-02-01;3;0.0011914217633042098
47;2025-03-01;7;0.0030796304443466782
47;2025-04-01;2;0.0007022471910112359
47;2025-05-01;9;0.002473886750962067
47;2025-06-01;9;0.0017720023626698169
47;2025-07-01;3;0.0007594936708860759
47;2025-08-01;30;0.0014354753815972055
