topic;time_bin;count
0;2020-05-01;52
0;2020-06-01;71
0;2020-07-01;82
0;2020-08-01;130
0;2020-09-01;133
0;2020-10-01;13
0;2020-11-01;4
0;2020-12-01;7
0;2021-01-01;32
0;2021-02-01;36
0;2021-03-01;34
0;2021-04-01;82
0;2021-05-01;2695
0;2021-06-01;1656
0;2021-07-01;1046
0;2021-08-01;265
0;2021-09-01;171
0;2021-10-01;145
0;2021-11-01;119
0;2021-12-01;18
0;2022-01-01;60
0;2022-02-01;135
0;2022-03-01;187
0;2022-04-01;79
0;2022-05-01;485
0;2022-06-01;326
0;2022-07-01;251
0;2022-08-01;222
0;2022-09-01;77
0;2022-10-01;8
0;2022-11-01;2
0;2022-12-01;17
0;2023-01-01;107
0;2023-02-01;88
0;2023-03-01;4
0;2023-04-01;109
0;2023-05-01;264
0;2023-06-01;62
0;2023-07-01;150
0;2023-08-01;51
0;2023-09-01;22
0;2023-10-01;12546
0;2023-11-01;10078
0;2023-12-01;5619
0;2024-01-01;2924
0;2024-02-01;3228
0;2024-03-01;2625
0;2024-04-01;4343
0;2024-05-01;2958
0;2024-06-01;2522
0;2024-07-01;2126
0;2024-08-01;1985
0;2024-09-01;2083
0;2024-10-01;3455
0;2024-11-01;2271
0;2024-12-01;1667
0;2025-01-01;2655
0;2025-02-01;2518
0;2025-03-01;2273
0;2025-04-01;2848
0;2025-05-01;3638
0;2025-06-01;5079
0;2025-07-01;3950
0;2025-08-01;20899
0;2025-09-01;735
1;2020-06-01;5
1;2020-08-01;4
1;2021-01-01;3
1;2021-05-01;95
1;2021-06-01;43
1;2021-07-01;2
1;2021-08-01;1
1;2021-09-01;4
1;2021-10-01;7
1;2021-11-01;3
1;2022-03-01;2
1;2022-05-01;33
1;2022-06-01;1
1;2022-07-01;1
1;2022-08-01;2
1;2022-09-01;1
1;2023-01-01;3
1;2023-05-01;3
1;2023-07-01;1
1;2023-08-01;1
1;2023-09-01;4
1;2023-10-01;331
1;2023-11-01;271
1;2023-12-01;206
1;2024-01-01;111
1;2024-02-01;213
1;2024-03-01;77
1;2024-04-01;118
1;2024-05-01;87
1;2024-06-01;24
1;2024-07-01;43
1;2024-08-01;59
1;2024-09-01;102
1;2024-10-01;147
1;2024-11-01;221
1;2024-12-01;57
1;2025-01-01;68
1;2025-02-01;110
1;2025-03-01;97
1;2025-04-01;57
1;2025-05-01;179
1;2025-06-01;520
1;2025-07-01;108
1;2025-08-01;386
1;2025-09-01;20
2;2020-05-01;3
2;2020-06-01;4
2;2020-07-01;3
2;2020-08-01;5
2;2020-09-01;4
2;2021-01-01;4
2;2021-02-01;3
2;2021-03-01;3
2;2021-04-01;2
2;2021-05-01;118
2;2021-06-01;82
2;2021-07-01;32
2;2021-08-01;10
2;2021-09-01;5
2;2021-10-01;8
2;2021-11-01;2
2;2021-12-01;1
2;2022-01-01;3
2;2022-02-01;3
2;2022-03-01;11
2;2022-04-01;7
2;2022-05-01;17
2;2022-06-01;15
2;2022-07-01;10
2;2022-08-01;13
2;2022-09-01;2
2;2022-10-01;2
2;2022-12-01;1
2;2023-01-01;6
2;2023-02-01;5
2;2023-04-01;2
2;2023-05-01;13
2;2023-06-01;14
2;2023-07-01;6
2;2023-08-01;4
2;2023-09-01;2
2;2023-10-01;607
2;2023-11-01;434
2;2023-12-01;215
2;2024-01-01;111
2;2024-02-01;139
2;2024-03-01;98
2;2024-04-01;168
2;2024-05-01;118
2;2024-06-01;112
2;2024-07-01;73
2;2024-08-01;87
2;2024-09-01;109
2;2024-10-01;160
2;2024-11-01;78
2;2024-12-01;66
2;2025-01-01;95
2;2025-02-01;137
2;2025-03-01;128
2;2025-04-01;118
2;2025-05-01;187
2;2025-06-01;185
2;2025-07-01;203
2;2025-08-01;1048
2;2025-09-01;32
3;2020-05-01;1
3;2021-05-01;7
3;2021-06-01;4
3;2021-07-01;2
3;2021-09-01;17
3;2021-10-01;15
3;2021-11-01;9
3;2022-01-01;2
3;2022-02-01;7
3;2022-03-01;29
3;2022-04-01;12
3;2022-05-01;37
3;2022-06-01;32
3;2022-07-01;19
3;2022-08-01;25
3;2022-09-01;2
3;2023-01-01;2
3;2023-02-01;25
3;2023-03-01;3
3;2023-04-01;3
3;2023-05-01;14
3;2023-06-01;7
3;2023-07-01;8
3;2023-08-01;9
3;2023-09-01;4
3;2023-10-01;263
3;2023-11-01;446
3;2023-12-01;210
3;2024-01-01;142
3;2024-02-01;150
3;2024-03-01;187
3;2024-04-01;309
3;2024-05-01;172
3;2024-06-01;131
3;2024-07-01;94
3;2024-08-01;118
3;2024-09-01;115
3;2024-10-01;158
3;2024-11-01;122
3;2024-12-01;55
3;2025-01-01;114
3;2025-02-01;131
3;2025-03-01;104
3;2025-04-01;133
3;2025-05-01;190
3;2025-06-01;302
3;2025-07-01;159
3;2025-08-01;738
3;2025-09-01;14
4;2021-05-01;229
4;2021-06-01;18
4;2021-07-01;26
4;2021-08-01;4
4;2021-09-01;2
4;2021-10-01;2
4;2021-11-01;2
4;2021-12-01;2
4;2022-02-01;7
4;2022-03-01;1
4;2022-05-01;1
4;2022-06-01;1
4;2022-07-01;1
4;2022-08-01;5
4;2022-09-01;4
4;2022-12-01;1
4;2023-01-01;4
4;2023-04-01;4
4;2023-05-01;9
4;2023-07-01;1
4;2023-10-01;34
4;2023-11-01;45
4;2023-12-01;15
4;2024-01-01;21
4;2024-02-01;47
4;2024-03-01;9
4;2024-04-01;17
4;2024-05-01;19
4;2024-06-01;6
4;2024-07-01;57
4;2024-08-01;8
4;2024-09-01;4
4;2024-10-01;31
4;2024-11-01;6
4;2024-12-01;28
4;2025-01-01;31
4;2025-02-01;17
4;2025-03-01;15
4;2025-04-01;14
4;2025-05-01;22
4;2025-06-01;42
4;2025-07-01;43
4;2025-08-01;71
4;2025-09-01;1
5;2020-06-01;1
5;2020-08-01;1
5;2020-09-01;1
5;2021-05-01;24
5;2021-06-01;10
5;2021-07-01;4
5;2021-10-01;1
5;2021-11-01;1
5;2022-02-01;1
5;2022-05-01;3
5;2022-06-01;3
5;2023-01-01;1
5;2023-02-01;5
5;2023-04-01;1
5;2023-06-01;1
5;2023-07-01;2
5;2023-08-01;2
5;2023-10-01;94
5;2023-11-01;67
5;2023-12-01;41
5;2024-01-01;14
5;2024-02-01;26
5;2024-03-01;18
5;2024-04-01;15
5;2024-05-01;18
5;2024-06-01;20
5;2024-07-01;8
5;2024-08-01;11
5;2024-09-01;14
5;2024-10-01;34
5;2024-11-01;20
5;2024-12-01;10
5;2025-01-01;27
5;2025-02-01;12
5;2025-03-01;18
5;2025-04-01;21
5;2025-05-01;44
5;2025-06-01;38
5;2025-07-01;26
5;2025-08-01;129
5;2025-09-01;5
6;2020-05-01;2
6;2020-08-01;3
6;2021-01-01;2
6;2021-04-01;2
6;2021-05-01;41
6;2021-06-01;17
6;2021-07-01;11
6;2021-08-01;1
6;2021-09-01;2
6;2021-11-01;1
6;2022-01-01;1
6;2022-02-01;1
6;2022-03-01;3
6;2022-05-01;12
6;2022-06-01;4
6;2022-07-01;1
6;2022-08-01;1
6;2023-01-01;1
6;2023-04-01;1
6;2023-05-01;3
6;2023-06-01;1
6;2023-10-01;161
6;2023-11-01;108
6;2023-12-01;77
6;2024-01-01;47
6;2024-02-01;30
6;2024-03-01;41
6;2024-04-01;47
6;2024-05-01;18
6;2024-06-01;37
6;2024-07-01;13
6;2024-08-01;24
6;2024-09-01;31
6;2024-10-01;50
6;2024-11-01;20
6;2024-12-01;25
6;2025-01-01;22
6;2025-02-01;31
6;2025-03-01;38
6;2025-04-01;36
6;2025-05-01;30
6;2025-06-01;53
6;2025-07-01;63
6;2025-08-01;260
6;2025-09-01;7
7;2021-05-01;1
7;2021-06-01;1
7;2023-07-01;1
7;2023-10-01;19
7;2023-11-01;19
7;2023-12-01;16
7;2024-01-01;16
7;2024-02-01;34
7;2024-03-01;48
7;2024-04-01;33
7;2024-05-01;14
7;2024-06-01;11
7;2024-07-01;3
7;2024-08-01;13
7;2024-09-01;13
7;2024-10-01;59
7;2024-11-01;6
7;2024-12-01;14
7;2025-01-01;12
7;2025-02-01;12
7;2025-03-01;2
7;2025-04-01;12
7;2025-05-01;28
7;2025-06-01;36
7;2025-07-01;17
7;2025-08-01;14
8;2020-08-01;1
8;2020-10-01;1
8;2020-11-01;1
8;2021-02-01;1
8;2021-04-01;2
8;2021-05-01;3
8;2021-06-01;10
8;2021-07-01;18
8;2021-08-01;11
8;2021-09-01;3
8;2021-10-01;4
8;2021-11-01;4
8;2022-02-01;2
8;2022-03-01;9
8;2022-04-01;3
8;2022-05-01;26
8;2022-06-01;14
8;2022-07-01;3
8;2022-08-01;11
8;2022-09-01;2
8;2023-02-01;4
8;2023-03-01;3
8;2023-05-01;7
8;2023-07-01;3
8;2023-08-01;3
8;2023-10-01;45
8;2023-11-01;39
8;2023-12-01;38
8;2024-01-01;31
8;2024-02-01;12
8;2024-03-01;24
8;2024-04-01;59
8;2024-05-01;32
8;2024-06-01;16
8;2024-07-01;17
8;2024-08-01;19
8;2024-09-01;12
8;2024-10-01;60
8;2024-11-01;50
8;2024-12-01;26
8;2025-01-01;31
8;2025-02-01;33
8;2025-03-01;25
8;2025-04-01;14
8;2025-05-01;13
8;2025-06-01;12
8;2025-07-01;24
8;2025-08-01;217
8;2025-09-01;5
9;2021-05-01;4
9;2021-06-01;4
9;2021-07-01;1
9;2022-05-01;1
9;2022-08-01;1
9;2023-10-01;4
9;2023-11-01;4
9;2023-12-01;5
9;2024-01-01;2
9;2024-02-01;20
9;2024-03-01;8
9;2024-04-01;12
9;2024-05-01;3
9;2024-06-01;1
9;2024-07-01;3
9;2024-08-01;6
9;2024-09-01;6
9;2024-10-01;5
9;2024-11-01;12
9;2025-01-01;7
9;2025-02-01;178
9;2025-03-01;3
9;2025-04-01;3
9;2025-05-01;4
9;2025-06-01;2
9;2025-07-01;3
9;2025-08-01;26
10;2020-06-01;2
10;2021-05-01;15
10;2021-06-01;5
10;2021-08-01;1
10;2022-01-01;1
10;2022-03-01;1
10;2022-06-01;1
10;2022-09-01;1
10;2023-01-01;2
10;2023-10-01;18
10;2023-11-01;20
10;2023-12-01;7
10;2024-01-01;4
10;2024-02-01;9
10;2024-03-01;31
10;2024-04-01;9
10;2024-06-01;2
10;2024-07-01;8
10;2024-08-01;3
10;2024-09-01;5
10;2024-10-01;36
10;2024-11-01;9
10;2024-12-01;12
10;2025-01-01;12
10;2025-02-01;3
10;2025-03-01;20
10;2025-04-01;23
10;2025-05-01;23
10;2025-06-01;17
10;2025-07-01;17
10;2025-08-01;24
11;2021-05-01;1
11;2023-10-01;118
11;2023-11-01;155
11;2023-12-01;135
11;2024-01-01;33
11;2024-02-01;41
11;2024-03-01;32
11;2024-04-01;18
11;2024-05-01;13
11;2024-06-01;79
11;2024-07-01;5
11;2024-08-01;29
11;2024-09-01;47
11;2024-10-01;28
11;2024-11-01;6
11;2024-12-01;14
11;2025-01-01;89
11;2025-02-01;52
11;2025-03-01;51
11;2025-04-01;24
11;2025-05-01;41
11;2025-06-01;35
11;2025-07-01;29
11;2025-08-01;275
11;2025-09-01;3
12;2020-08-01;2
12;2021-05-01;36
12;2021-06-01;14
12;2021-07-01;2
12;2021-09-01;1
12;2022-02-01;1
12;2022-03-01;1
12;2022-04-01;1
12;2022-05-01;3
12;2022-08-01;1
12;2023-01-01;2
12;2023-05-01;1
12;2023-06-01;1
12;2023-07-01;2
12;2023-09-01;1
12;2023-10-01;50
12;2023-11-01;44
12;2023-12-01;46
12;2024-01-01;18
12;2024-02-01;17
12;2024-03-01;21
12;2024-04-01;59
12;2024-05-01;11
12;2024-06-01;8
12;2024-07-01;9
12;2024-08-01;6
12;2024-09-01;7
12;2024-10-01;20
12;2024-11-01;15
12;2024-12-01;8
12;2025-01-01;13
12;2025-02-01;15
12;2025-03-01;6
12;2025-04-01;10
12;2025-05-01;21
12;2025-06-01;21
12;2025-07-01;23
12;2025-08-01;46
12;2025-09-01;3
13;2020-05-01;2
13;2020-06-01;5
13;2020-08-01;1
13;2021-02-01;1
13;2021-03-01;1
13;2021-04-01;1
13;2021-05-01;20
13;2021-06-01;23
13;2021-07-01;8
13;2021-08-01;4
13;2021-10-01;5
13;2022-03-01;2
13;2022-04-01;1
13;2022-05-01;2
13;2022-06-01;2
13;2022-07-01;1
13;2022-08-01;4
13;2023-04-01;1
13;2023-05-01;1
13;2023-06-01;3
13;2023-08-01;2
13;2023-10-01;112
13;2023-11-01;56
13;2023-12-01;42
13;2024-01-01;21
13;2024-02-01;17
13;2024-03-01;24
13;2024-04-01;23
13;2024-05-01;10
13;2024-06-01;7
13;2024-07-01;16
13;2024-08-01;9
13;2024-09-01;10
13;2024-10-01;22
13;2024-11-01;13
13;2024-12-01;14
13;2025-01-01;18
13;2025-02-01;21
13;2025-03-01;16
13;2025-04-01;25
13;2025-05-01;33
13;2025-06-01;27
13;2025-07-01;17
13;2025-08-01;109
13;2025-09-01;6
14;2020-05-01;1
14;2020-08-01;4
14;2021-05-01;22
14;2021-06-01;17
14;2021-07-01;8
14;2021-08-01;1
14;2021-09-01;1
14;2022-03-01;1
14;2022-05-01;7
14;2022-06-01;10
14;2022-07-01;6
14;2022-08-01;4
14;2023-01-01;1
14;2023-07-01;2
14;2023-10-01;35
14;2023-11-01;30
14;2023-12-01;14
14;2024-01-01;13
14;2024-02-01;18
14;2024-03-01;9
14;2024-04-01;12
14;2024-05-01;6
14;2024-06-01;31
14;2024-07-01;3
14;2024-08-01;5
14;2024-09-01;5
14;2024-10-01;10
14;2024-11-01;8
14;2024-12-01;1
14;2025-01-01;7
14;2025-02-01;18
14;2025-03-01;5
14;2025-04-01;5
14;2025-05-01;33
14;2025-06-01;36
14;2025-07-01;7
14;2025-08-01;56
14;2025-09-01;1
15;2021-05-01;2
15;2021-06-01;1
15;2021-10-01;2
15;2022-03-01;1
15;2023-10-01;27
15;2023-11-01;69
15;2023-12-01;39
15;2024-01-01;12
15;2024-02-01;14
15;2024-03-01;24
15;2024-04-01;23
15;2024-05-01;18
15;2024-06-01;16
15;2024-07-01;6
15;2024-08-01;10
15;2024-09-01;7
15;2024-10-01;19
15;2024-11-01;14
15;2024-12-01;3
15;2025-01-01;86
15;2025-02-01;6
15;2025-03-01;6
15;2025-04-01;11
15;2025-05-01;12
15;2025-06-01;14
15;2025-07-01;17
15;2025-08-01;29
15;2025-09-01;4
16;2020-06-01;1
16;2020-07-01;1
16;2020-08-01;2
16;2021-02-01;2
16;2021-03-01;1
16;2021-05-01;20
16;2021-06-01;6
16;2021-07-01;3
16;2021-08-01;2
16;2022-02-01;1
16;2022-03-01;1
16;2022-05-01;5
16;2022-07-01;1
16;2022-08-01;3
16;2022-09-01;2
16;2023-01-01;1
16;2023-02-01;1
16;2023-05-01;1
16;2023-08-01;1
16;2023-10-01;117
16;2023-11-01;111
16;2023-12-01;56
16;2024-01-01;23
16;2024-02-01;18
16;2024-03-01;23
16;2024-04-01;53
16;2024-05-01;20
16;2024-06-01;18
16;2024-07-01;8
16;2024-08-01;9
16;2024-09-01;11
16;2024-10-01;28
16;2024-11-01;11
16;2024-12-01;14
16;2025-01-01;8
16;2025-02-01;25
16;2025-03-01;19
16;2025-04-01;21
16;2025-05-01;33
16;2025-06-01;42
16;2025-07-01;38
16;2025-08-01;157
16;2025-09-01;4
17;2020-08-01;5
17;2020-09-01;2
17;2021-05-01;35
17;2021-06-01;14
17;2021-07-01;13
17;2021-09-01;4
17;2021-11-01;2
17;2022-07-01;1
17;2023-02-01;1
17;2023-05-01;2
17;2023-07-01;3
17;2023-10-01;110
17;2023-11-01;104
17;2023-12-01;61
17;2024-01-01;17
17;2024-02-01;26
17;2024-03-01;3
17;2024-04-01;16
17;2024-05-01;13
17;2024-06-01;13
17;2024-07-01;3
17;2024-08-01;25
17;2024-09-01;6
17;2024-10-01;29
17;2024-11-01;28
17;2024-12-01;1
17;2025-01-01;10
17;2025-02-01;34
17;2025-03-01;6
17;2025-04-01;5
17;2025-05-01;12
17;2025-06-01;48
17;2025-07-01;20
17;2025-08-01;56
17;2025-09-01;2
18;2021-05-01;5
18;2021-06-01;1
18;2022-02-01;20
18;2022-03-01;7
18;2022-05-01;3
18;2022-07-01;1
18;2022-08-01;5
18;2023-01-01;4
18;2023-05-01;2
18;2023-10-01;86
18;2023-11-01;53
18;2023-12-01;23
18;2024-01-01;19
18;2024-02-01;9
18;2024-03-01;27
18;2024-04-01;16
18;2024-05-01;18
18;2024-06-01;7
18;2024-07-01;9
18;2024-08-01;14
18;2024-09-01;7
18;2024-10-01;15
18;2024-11-01;15
18;2024-12-01;21
18;2025-01-01;4
18;2025-02-01;5
18;2025-03-01;23
18;2025-04-01;10
18;2025-05-01;8
18;2025-06-01;20
18;2025-07-01;13
18;2025-08-01;100
18;2025-09-01;2
19;2020-05-01;2
19;2021-05-01;4
19;2021-06-01;3
19;2023-10-01;7
19;2023-11-01;10
19;2023-12-01;4
19;2024-01-01;10
19;2024-02-01;3
19;2024-03-01;1
19;2024-04-01;116
19;2024-05-01;3
19;2024-07-01;1
19;2024-08-01;2
19;2024-09-01;1
19;2024-10-01;17
19;2024-11-01;2
19;2024-12-01;1
19;2025-01-01;9
19;2025-02-01;2
19;2025-03-01;2
19;2025-04-01;3
19;2025-05-01;4
19;2025-06-01;3
19;2025-07-01;34
19;2025-08-01;37
20;2021-05-01;1
20;2021-06-01;5
20;2021-09-01;2
20;2022-04-01;1
20;2023-01-01;1
20;2023-10-01;5
20;2023-11-01;14
20;2023-12-01;5
20;2024-01-01;1
20;2024-02-01;8
20;2024-03-01;7
20;2024-04-01;3
20;2024-05-01;6
20;2024-07-01;3
20;2024-08-01;7
20;2024-09-01;5
20;2024-10-01;6
20;2024-11-01;2
20;2025-01-01;1
20;2025-02-01;35
20;2025-04-01;4
20;2025-05-01;6
20;2025-06-01;7
20;2025-07-01;61
20;2025-08-01;44
20;2025-09-01;2
21;2020-08-01;1
21;2021-03-01;1
21;2021-04-01;1
21;2021-05-01;19
21;2021-06-01;12
21;2021-07-01;2
21;2021-08-01;1
21;2021-09-01;2
21;2021-11-01;1
21;2021-12-01;2
21;2022-01-01;2
21;2022-02-01;1
21;2022-05-01;2
21;2022-07-01;4
21;2022-08-01;1
21;2022-09-01;2
21;2023-02-01;2
21;2023-05-01;1
21;2023-07-01;4
21;2023-10-01;40
21;2023-11-01;53
21;2023-12-01;13
21;2024-01-01;16
21;2024-02-01;10
21;2024-03-01;6
21;2024-04-01;18
21;2024-05-01;12
21;2024-06-01;11
21;2024-07-01;9
21;2024-08-01;12
21;2024-09-01;11
21;2024-10-01;17
21;2024-11-01;28
21;2024-12-01;6
21;2025-01-01;7
21;2025-02-01;10
21;2025-03-01;13
21;2025-04-01;19
21;2025-05-01;26
21;2025-06-01;21
21;2025-07-01;11
21;2025-08-01;159
21;2025-09-01;6
22;2021-05-01;6
22;2021-06-01;1
22;2023-01-01;1
22;2023-02-01;1
22;2023-10-01;22
22;2023-11-01;16
22;2023-12-01;16
22;2024-01-01;11
22;2024-02-01;8
22;2024-03-01;15
22;2024-04-01;11
22;2024-06-01;2
22;2024-07-01;5
22;2024-08-01;6
22;2024-09-01;6
22;2024-10-01;4
22;2024-11-01;5
22;2024-12-01;1
22;2025-01-01;4
22;2025-02-01;11
22;2025-03-01;5
22;2025-04-01;8
22;2025-05-01;15
22;2025-06-01;14
22;2025-07-01;16
22;2025-08-01;26
23;2021-05-01;3
23;2021-06-01;1
23;2021-07-01;1
23;2021-08-01;1
23;2023-10-01;16
23;2023-11-01;11
23;2023-12-01;4
23;2024-01-01;22
23;2024-02-01;33
23;2024-03-01;12
23;2024-04-01;9
23;2024-05-01;8
23;2024-06-01;29
23;2024-07-01;7
23;2024-08-01;3
23;2024-09-01;1
23;2024-10-01;18
23;2024-11-01;2
23;2024-12-01;4
23;2025-01-01;7
23;2025-02-01;3
23;2025-04-01;5
23;2025-05-01;93
23;2025-06-01;38
23;2025-07-01;115
23;2025-08-01;412
23;2025-09-01;6
24;2021-05-01;6
24;2021-12-01;2
24;2022-03-01;1
24;2023-10-01;15
24;2023-11-01;3
24;2023-12-01;8
24;2024-01-01;1
24;2024-02-01;6
24;2024-03-01;1
24;2024-04-01;1
24;2024-05-01;1
24;2024-06-01;3
24;2024-08-01;3
24;2024-10-01;1
24;2024-11-01;3
24;2024-12-01;46
24;2025-03-01;3
24;2025-04-01;9
24;2025-05-01;41
24;2025-06-01;4
24;2025-07-01;1
24;2025-08-01;21
24;2025-09-01;1
25;2021-05-01;2
25;2021-10-01;1
25;2022-03-01;1
25;2022-05-01;1
25;2022-06-01;1
25;2023-04-01;61
25;2023-05-01;20
25;2023-08-01;1
25;2023-10-01;6
25;2023-11-01;10
25;2023-12-01;1
25;2024-02-01;3
25;2024-03-01;2
25;2024-04-01;2
25;2024-05-01;2
25;2024-06-01;1
25;2024-07-01;1
25;2024-08-01;1
25;2024-10-01;2
25;2024-11-01;2
25;2024-12-01;1
25;2025-01-01;2
25;2025-02-01;4
25;2025-04-01;3
25;2025-05-01;1
25;2025-06-01;21
25;2025-08-01;8
26;2020-09-01;1
26;2021-06-01;1
26;2023-10-01;2
26;2023-11-01;3
26;2023-12-01;2
26;2024-01-01;1
26;2024-06-01;4
26;2024-07-01;5
26;2024-08-01;3
26;2024-09-01;11
26;2024-10-01;18
26;2024-11-01;13
26;2024-12-01;15
26;2025-01-01;16
26;2025-02-01;11
26;2025-03-01;12
26;2025-04-01;16
26;2025-05-01;7
26;2025-06-01;1
26;2025-07-01;7
26;2025-08-01;12
27;2021-05-01;3
27;2021-06-01;2
27;2021-07-01;2
27;2022-07-01;1
27;2023-10-01;21
27;2023-11-01;20
27;2023-12-01;8
27;2024-01-01;3
27;2024-02-01;9
27;2024-03-01;12
27;2024-04-01;10
27;2024-05-01;4
27;2024-06-01;3
27;2024-07-01;6
27;2024-08-01;3
27;2024-09-01;7
27;2024-10-01;13
27;2024-11-01;7
27;2024-12-01;3
27;2025-01-01;7
27;2025-02-01;9
27;2025-03-01;14
27;2025-04-01;10
27;2025-05-01;19
27;2025-06-01;17
27;2025-07-01;19
27;2025-08-01;44
28;2020-06-01;2
28;2021-05-01;5
28;2021-06-01;7
28;2021-07-01;1
28;2021-09-01;1
28;2022-03-01;1
28;2022-08-01;1
28;2023-10-01;18
28;2023-11-01;42
28;2023-12-01;33
28;2024-01-01;20
28;2024-02-01;20
28;2024-03-01;10
28;2024-04-01;13
28;2024-05-01;12
28;2024-06-01;11
28;2024-07-01;10
28;2024-08-01;9
28;2024-09-01;4
28;2024-10-01;27
28;2024-11-01;16
28;2024-12-01;9
28;2025-01-01;3
28;2025-02-01;15
28;2025-03-01;13
28;2025-04-01;18
28;2025-05-01;22
28;2025-06-01;22
28;2025-07-01;21
28;2025-08-01;96
28;2025-09-01;1
29;2021-05-01;6
29;2021-06-01;5
29;2021-07-01;1
29;2023-04-01;1
29;2023-05-01;1
29;2023-10-01;5
29;2023-11-01;10
29;2023-12-01;2
29;2024-01-01;6
29;2024-02-01;5
29;2024-03-01;5
29;2024-04-01;13
29;2024-05-01;2
29;2024-06-01;2
29;2024-07-01;3
29;2024-08-01;6
29;2024-09-01;7
29;2024-10-01;5
29;2024-11-01;1
29;2024-12-01;1
29;2025-01-01;5
29;2025-02-01;13
29;2025-03-01;1
29;2025-04-01;3
29;2025-05-01;17
29;2025-06-01;21
29;2025-07-01;14
29;2025-08-01;20
29;2025-09-01;1
30;2021-05-01;7
30;2021-06-01;4
30;2021-07-01;7
30;2022-05-01;1
30;2022-07-01;2
30;2023-01-01;1
30;2023-10-01;77
30;2023-11-01;65
30;2023-12-01;27
30;2024-01-01;14
30;2024-02-01;15
30;2024-03-01;12
30;2024-04-01;18
30;2024-05-01;6
30;2024-06-01;13
30;2024-07-01;5
30;2024-08-01;4
30;2024-09-01;6
30;2024-10-01;14
30;2024-11-01;13
30;2024-12-01;7
30;2025-01-01;10
30;2025-02-01;19
30;2025-03-01;7
30;2025-04-01;23
30;2025-05-01;34
30;2025-06-01;20
30;2025-07-01;30
30;2025-08-01;103
30;2025-09-01;6
31;2021-05-01;5
31;2021-06-01;5
31;2022-02-01;1
31;2022-05-01;2
31;2023-01-01;1
31;2023-07-01;1
31;2023-10-01;12
31;2023-11-01;11
31;2023-12-01;1
31;2024-01-01;3
31;2024-02-01;5
31;2024-03-01;4
31;2024-04-01;9
31;2024-05-01;2
31;2024-06-01;1
31;2024-07-01;3
31;2024-08-01;2
31;2024-10-01;6
31;2024-11-01;1
31;2024-12-01;8
31;2025-01-01;1
31;2025-02-01;6
31;2025-03-01;7
31;2025-04-01;11
31;2025-05-01;12
31;2025-06-01;20
31;2025-07-01;20
31;2025-08-01;38
32;2021-05-01;12
32;2021-06-01;1
32;2021-07-01;1
32;2021-11-01;1
32;2022-05-01;1
32;2023-01-01;2
32;2023-10-01;52
32;2023-11-01;41
32;2023-12-01;17
32;2024-01-01;7
32;2024-02-01;9
32;2024-03-01;12
32;2024-04-01;7
32;2024-05-01;7
32;2024-06-01;3
32;2024-07-01;2
32;2024-08-01;6
32;2024-09-01;3
32;2024-10-01;12
32;2024-11-01;7
32;2024-12-01;1
32;2025-01-01;5
32;2025-02-01;10
32;2025-03-01;6
32;2025-04-01;8
32;2025-05-01;12
32;2025-06-01;19
32;2025-07-01;22
32;2025-08-01;50
33;2020-07-01;1
33;2021-05-01;2
33;2021-06-01;2
33;2021-11-01;1
33;2022-02-01;11
33;2023-10-01;4
33;2023-11-01;3
33;2023-12-01;2
33;2024-02-01;13
33;2024-03-01;6
33;2024-04-01;12
33;2024-05-01;2
33;2024-06-01;2
33;2024-07-01;5
33;2024-08-01;2
33;2024-09-01;4
33;2024-10-01;11
33;2024-11-01;5
33;2024-12-01;4
33;2025-01-01;4
33;2025-02-01;1
33;2025-03-01;5
33;2025-04-01;10
33;2025-05-01;11
33;2025-06-01;18
33;2025-07-01;7
33;2025-08-01;10
34;2020-06-01;2
34;2021-05-01;2
34;2021-06-01;2
34;2023-10-01;2
34;2023-11-01;2
34;2023-12-01;2
34;2024-02-01;3
34;2024-03-01;1
34;2024-04-01;2
34;2024-05-01;15
34;2024-06-01;1
34;2024-07-01;3
34;2024-11-01;2
34;2024-12-01;1
34;2025-01-01;1
34;2025-02-01;29
34;2025-03-01;24
34;2025-04-01;1
34;2025-05-01;1
34;2025-06-01;7
34;2025-07-01;18
34;2025-08-01;13
35;2021-06-01;1
35;2022-08-01;1
35;2023-10-01;13
35;2023-11-01;5
35;2023-12-01;4
35;2024-01-01;2
35;2024-02-01;2
35;2024-04-01;3
35;2024-05-01;4
35;2024-06-01;2
35;2024-07-01;5
35;2024-08-01;2
35;2024-10-01;5
35;2024-11-01;1
35;2024-12-01;2
35;2025-02-01;3
35;2025-03-01;8
35;2025-04-01;23
35;2025-05-01;51
35;2025-06-01;52
35;2025-07-01;38
35;2025-08-01;76
35;2025-09-01;1
36;2020-07-01;1
36;2021-05-01;1
36;2021-06-01;1
36;2021-08-01;1
36;2023-10-01;6
36;2023-11-01;12
36;2023-12-01;7
36;2024-02-01;1
36;2024-03-01;2
36;2024-04-01;1
36;2024-05-01;1
36;2024-06-01;5
36;2024-07-01;8
36;2024-08-01;8
36;2024-09-01;11
36;2024-10-01;12
36;2024-11-01;4
36;2024-12-01;5
36;2025-01-01;7
36;2025-02-01;7
36;2025-03-01;11
36;2025-04-01;8
36;2025-05-01;19
36;2025-06-01;14
36;2025-07-01;10
36;2025-08-01;14
37;2020-09-01;1
37;2021-05-01;7
37;2021-07-01;1
37;2022-02-01;1
37;2022-06-01;1
37;2022-12-01;2
37;2023-04-01;2
37;2023-10-01;8
37;2023-11-01;7
37;2023-12-01;9
37;2024-01-01;4
37;2024-02-01;8
37;2024-03-01;4
37;2024-04-01;13
37;2024-05-01;3
37;2024-06-01;6
37;2024-07-01;2
37;2024-08-01;2
37;2024-09-01;6
37;2024-10-01;5
37;2024-11-01;12
37;2024-12-01;2
37;2025-01-01;6
37;2025-02-01;7
37;2025-03-01;7
37;2025-04-01;7
37;2025-05-01;4
37;2025-06-01;10
37;2025-07-01;7
37;2025-08-01;14
37;2025-09-01;2
38;2020-06-01;1
38;2020-09-01;6
38;2021-05-01;5
38;2021-06-01;56
38;2021-07-01;5
38;2022-02-01;1
38;2023-10-01;12
38;2023-11-01;9
38;2023-12-01;6
38;2024-01-01;2
38;2024-03-01;3
38;2024-04-01;8
38;2024-05-01;10
38;2024-06-01;1
38;2024-07-01;2
38;2024-08-01;2
38;2024-10-01;5
38;2025-01-01;3
38;2025-02-01;5
38;2025-04-01;4
38;2025-05-01;5
38;2025-06-01;6
38;2025-07-01;6
38;2025-08-01;29
39;2020-05-01;1
39;2020-06-01;1
39;2021-05-01;4
39;2021-06-01;3
39;2022-05-01;1
39;2022-06-01;1
39;2022-08-01;1
39;2022-09-01;1
39;2023-10-01;9
39;2023-11-01;12
39;2023-12-01;5
39;2024-01-01;3
39;2024-02-01;4
39;2024-03-01;3
39;2024-04-01;6
39;2024-05-01;1
39;2024-06-01;2
39;2024-07-01;6
39;2024-08-01;3
39;2024-09-01;1
39;2024-10-01;3
39;2024-11-01;14
39;2024-12-01;1
39;2025-01-01;1
39;2025-02-01;4
39;2025-03-01;8
39;2025-04-01;7
39;2025-05-01;2
39;2025-06-01;7
39;2025-07-01;3
39;2025-08-01;11
40;2022-07-01;2
40;2023-04-01;1
40;2023-10-01;3
40;2023-11-01;16
40;2023-12-01;7
40;2024-01-01;2
40;2024-02-01;9
40;2024-03-01;11
40;2024-04-01;9
40;2024-05-01;6
40;2024-06-01;2
40;2024-07-01;1
40;2024-08-01;4
40;2024-09-01;3
40;2024-10-01;11
40;2024-11-01;1
40;2025-01-01;4
40;2025-02-01;2
40;2025-03-01;2
40;2025-04-01;8
40;2025-06-01;17
40;2025-07-01;8
40;2025-08-01;13
41;2021-05-01;3
41;2022-05-01;5
41;2023-04-01;1
41;2023-06-01;1
41;2023-10-01;38
41;2023-11-01;41
41;2023-12-01;21
41;2024-01-01;11
41;2024-02-01;24
41;2024-03-01;11
41;2024-04-01;13
41;2024-05-01;12
41;2024-06-01;12
41;2024-07-01;11
41;2024-08-01;7
41;2024-09-01;6
41;2024-10-01;17
41;2024-11-01;12
41;2024-12-01;9
41;2025-01-01;3
41;2025-03-01;3
41;2025-04-01;22
41;2025-05-01;6
41;2025-06-01;5
41;2025-08-01;5
42;2021-05-01;4
42;2021-07-01;1
42;2022-04-01;1
42;2022-05-01;2
42;2022-06-01;1
42;2023-07-01;1
42;2023-10-01;26
42;2023-11-01;18
42;2023-12-01;8
42;2024-01-01;6
42;2024-02-01;12
42;2024-03-01;13
42;2024-04-01;14
42;2024-05-01;8
42;2024-06-01;11
42;2024-08-01;2
42;2024-09-01;3
42;2024-10-01;11
42;2024-11-01;4
42;2024-12-01;5
42;2025-01-01;3
42;2025-02-01;3
42;2025-03-01;7
42;2025-04-01;8
42;2025-05-01;15
42;2025-06-01;16
42;2025-07-01;17
42;2025-08-01;68
42;2025-09-01;6
43;2020-05-01;1
43;2020-06-01;4
43;2020-08-01;1
43;2021-03-01;4
43;2021-05-01;5
43;2021-06-01;10
43;2021-07-01;4
43;2021-08-01;2
43;2021-10-01;1
43;2022-07-01;2
43;2023-04-01;1
43;2023-10-01;28
43;2023-11-01;25
43;2023-12-01;18
43;2024-01-01;3
43;2024-02-01;4
43;2024-03-01;6
43;2024-04-01;5
43;2024-05-01;3
43;2024-06-01;2
43;2024-07-01;5
43;2024-08-01;3
43;2024-09-01;7
43;2024-10-01;2
43;2024-11-01;9
43;2024-12-01;4
43;2025-01-01;8
43;2025-02-01;1
43;2025-03-01;2
43;2025-04-01;7
43;2025-05-01;5
43;2025-06-01;8
43;2025-07-01;18
43;2025-08-01;32
44;2020-07-01;1
44;2021-01-01;2
44;2021-02-01;1
44;2021-04-01;2
44;2021-05-01;9
44;2021-06-01;6
44;2022-02-01;2
44;2022-03-01;1
44;2022-05-01;1
44;2022-08-01;2
44;2022-09-01;2
44;2022-10-01;1
44;2023-06-01;1
44;2023-10-01;29
44;2023-11-01;33
44;2023-12-01;11
44;2024-01-01;12
44;2024-02-01;5
44;2024-03-01;7
44;2024-04-01;15
44;2024-05-01;3
44;2024-07-01;10
44;2024-08-01;10
44;2024-09-01;10
44;2024-10-01;6
44;2024-11-01;8
44;2024-12-01;5
44;2025-01-01;13
44;2025-02-01;10
44;2025-03-01;7
44;2025-04-01;11
44;2025-05-01;6
44;2025-06-01;7
44;2025-07-01;10
44;2025-08-01;76
45;2021-05-01;20
45;2021-06-01;3
45;2021-10-01;1
45;2022-02-01;2
45;2022-05-01;1
45;2022-08-01;1
45;2023-07-01;2
45;2023-10-01;41
45;2023-11-01;18
45;2023-12-01;14
45;2024-01-01;1
45;2024-02-01;3
45;2024-03-01;5
45;2024-04-01;8
45;2024-05-01;3
45;2024-06-01;7
45;2024-07-01;4
45;2024-08-01;3
45;2024-09-01;3
45;2024-10-01;11
45;2024-11-01;4
45;2024-12-01;2
45;2025-01-01;11
45;2025-02-01;4
45;2025-03-01;2
45;2025-04-01;3
45;2025-05-01;3
45;2025-06-01;5
45;2025-07-01;6
45;2025-08-01;18
46;2020-05-01;1
46;2021-05-01;5
46;2021-06-01;6
46;2021-07-01;1
46;2022-02-01;1
46;2022-03-01;1
46;2022-05-01;1
46;2022-06-01;2
46;2022-07-01;2
46;2023-02-01;1
46;2023-07-01;2
46;2023-08-01;1
46;2023-10-01;23
46;2023-11-01;27
46;2023-12-01;9
46;2024-01-01;6
46;2024-02-01;11
46;2024-03-01;12
46;2024-04-01;12
46;2024-05-01;8
46;2024-06-01;5
46;2024-07-01;3
46;2024-08-01;4
46;2024-09-01;7
46;2024-10-01;3
46;2024-11-01;4
46;2025-01-01;1
46;2025-02-01;6
46;2025-03-01;5
46;2025-04-01;7
46;2025-05-01;8
46;2025-06-01;17
46;2025-07-01;7
46;2025-08-01;29
47;2021-05-01;1
47;2023-10-01;13
47;2023-11-01;15
47;2023-12-01;4
47;2024-01-01;6
47;2024-02-01;4
47;2024-03-01;11
47;2024-04-01;11
47;2024-05-01;3
47;2024-06-01;3
47;2024-07-01;6
47;2024-08-01;2
47;2024-09-01;16
47;2024-10-01;9
47;2024-11-01;4
47;2024-12-01;3
47;2025-01-01;6
47;2025-02-01;6
47;2025-03-01;8
47;2025-04-01;7
47;2025-05-01;10
47;2025-06-01;14
47;2025-07-01;6
47;2025-08-01;31
47;2025-09-01;1
48;2021-05-01;4
48;2021-06-01;3
48;2021-08-01;1
48;2022-08-01;1
48;2023-05-01;1
48;2023-08-01;1
48;2023-10-01;15
48;2023-11-01;19
48;2023-12-01;17
48;2024-01-01;2
48;2024-02-01;5
48;2024-03-01;4
48;2024-04-01;5
48;2024-05-01;4
48;2024-06-01;2
48;2024-07-01;3
48;2024-08-01;6
48;2024-09-01;4
48;2024-10-01;11
48;2024-11-01;5
48;2024-12-01;3
48;2025-01-01;7
48;2025-02-01;8
48;2025-03-01;4
48;2025-04-01;6
48;2025-05-01;4
48;2025-06-01;9
48;2025-07-01;6
48;2025-08-01;16
49;2020-06-01;1
49;2020-07-01;1
49;2020-09-01;1
49;2021-05-01;6
49;2021-06-01;9
49;2021-09-01;2
49;2022-03-01;1
49;2022-04-01;1
49;2022-05-01;1
49;2023-10-01;20
49;2023-11-01;11
49;2023-12-01;5
49;2024-01-01;2
49;2024-02-01;1
49;2024-03-01;4
49;2024-04-01;6
49;2024-05-01;5
49;2024-06-01;3
49;2024-07-01;6
49;2024-08-01;7
49;2024-09-01;4
49;2024-10-01;5
49;2024-11-01;2
49;2024-12-01;5
49;2025-01-01;2
49;2025-02-01;3
49;2025-03-01;1
49;2025-04-01;7
49;2025-05-01;7
49;2025-06-01;9
49;2025-07-01;8
49;2025-08-01;20
49;2025-09-01;1
50;2020-12-01;7
50;2021-05-01;5
50;2021-06-01;1
50;2021-07-01;1
50;2022-03-01;1
50;2022-04-01;1
50;2023-01-01;2
50;2023-10-01;7
50;2023-11-01;5
50;2023-12-01;4
50;2024-01-01;2
50;2024-02-01;2
50;2024-03-01;1
50;2024-06-01;15
50;2024-07-01;1
50;2024-08-01;4
50;2024-09-01;2
50;2024-10-01;2
50;2024-11-01;1
50;2024-12-01;7
50;2025-02-01;2
50;2025-03-01;1
50;2025-04-01;1
50;2025-05-01;16
50;2025-06-01;2
50;2025-07-01;2
50;2025-08-01;9
51;2020-07-01;1
51;2020-08-01;2
51;2021-02-01;1
51;2021-05-01;4
51;2021-06-01;6
51;2021-07-01;8
51;2022-02-01;1
51;2022-05-01;2
51;2023-04-01;1
51;2023-10-01;41
51;2023-11-01;26
51;2023-12-01;12
51;2024-01-01;10
51;2024-02-01;6
51;2024-03-01;3
51;2024-04-01;13
51;2024-05-01;16
51;2024-06-01;8
51;2024-07-01;7
51;2024-08-01;8
51;2024-09-01;11
51;2024-10-01;9
51;2024-11-01;5
51;2024-12-01;4
51;2025-01-01;6
51;2025-02-01;6
51;2025-03-01;6
51;2025-04-01;6
51;2025-05-01;15
51;2025-06-01;12
51;2025-07-01;10
51;2025-08-01;61
51;2025-09-01;1
52;2020-06-01;1
52;2020-07-01;1
52;2021-05-01;1
52;2021-06-01;7
52;2021-07-01;2
52;2021-11-01;1
52;2022-06-01;1
52;2023-02-01;1
52;2023-05-01;1
52;2023-10-01;13
52;2023-11-01;27
52;2023-12-01;10
52;2024-01-01;3
52;2024-02-01;12
52;2024-03-01;7
52;2024-04-01;10
52;2024-05-01;3
52;2024-06-01;7
52;2024-07-01;12
52;2024-08-01;1
52;2024-09-01;4
52;2024-10-01;9
52;2024-11-01;2
52;2024-12-01;1
52;2025-01-01;6
52;2025-02-01;3
52;2025-03-01;3
52;2025-04-01;13
52;2025-05-01;4
52;2025-06-01;12
52;2025-07-01;15
52;2025-08-01;75
53;2021-05-01;6
53;2021-06-01;3
53;2021-07-01;6
53;2021-08-01;2
53;2021-12-01;1
53;2022-05-01;2
53;2023-10-01;26
53;2023-11-01;30
53;2023-12-01;15
53;2024-01-01;4
53;2024-02-01;6
53;2024-03-01;7
53;2024-04-01;6
53;2024-05-01;3
53;2024-06-01;1
53;2024-07-01;76
53;2024-08-01;6
53;2024-09-01;8
53;2024-10-01;1
53;2024-11-01;2
53;2024-12-01;4
53;2025-01-01;6
53;2025-02-01;3
53;2025-03-01;1
53;2025-04-01;2
53;2025-05-01;5
53;2025-06-01;12
53;2025-07-01;7
53;2025-08-01;60
53;2025-09-01;1
54;2021-05-01;5
54;2021-06-01;1
54;2021-08-01;2
54;2022-03-01;1
54;2022-07-01;1
54;2023-08-01;1
54;2023-10-01;33
54;2023-11-01;17
54;2023-12-01;7
54;2024-01-01;4
54;2024-02-01;1
54;2024-03-01;27
54;2024-04-01;25
54;2024-05-01;2
54;2024-06-01;6
54;2024-07-01;7
54;2024-09-01;2
54;2024-10-01;5
54;2024-11-01;7
54;2024-12-01;2
54;2025-01-01;3
54;2025-03-01;3
54;2025-04-01;1
54;2025-05-01;9
54;2025-06-01;14
54;2025-07-01;3
54;2025-08-01;15
55;2021-05-01;2
55;2021-06-01;1
55;2022-07-01;1
55;2023-10-01;5
55;2023-11-01;3
55;2023-12-01;6
55;2024-01-01;3
55;2024-02-01;9
55;2024-03-01;5
55;2024-04-01;3
55;2024-05-01;2
55;2024-06-01;1
55;2024-07-01;2
55;2024-08-01;3
55;2024-09-01;3
55;2024-10-01;6
55;2024-11-01;6
55;2024-12-01;1
55;2025-01-01;13
55;2025-02-01;8
55;2025-03-01;4
55;2025-04-01;7
55;2025-05-01;10
55;2025-06-01;11
55;2025-07-01;8
55;2025-08-01;34
55;2025-09-01;2
56;2021-05-01;5
56;2023-01-01;6
56;2023-02-01;3
56;2023-04-01;1
56;2023-11-01;3
56;2023-12-01;3
56;2024-01-01;9
56;2024-02-01;4
56;2024-03-01;6
56;2024-04-01;10
56;2024-05-01;4
56;2024-06-01;1
56;2024-07-01;8
56;2024-08-01;7
56;2024-09-01;2
56;2024-11-01;5
56;2024-12-01;6
56;2025-01-01;9
56;2025-02-01;3
56;2025-03-01;4
56;2025-04-01;2
56;2025-05-01;8
56;2025-06-01;14
56;2025-07-01;5
56;2025-08-01;107
56;2025-09-01;28
57;2020-09-01;2
57;2021-03-01;1
57;2021-05-01;4
57;2021-06-01;7
57;2021-07-01;4
57;2021-08-01;1
57;2021-09-01;1
57;2022-04-01;2
57;2022-05-01;2
57;2022-06-01;6
57;2022-09-01;2
57;2023-01-01;2
57;2023-06-01;1
57;2023-07-01;1
57;2023-09-01;1
57;2023-10-01;15
57;2023-11-01;23
57;2023-12-01;10
57;2024-01-01;9
57;2024-02-01;2
57;2024-03-01;3
57;2024-04-01;7
57;2024-05-01;3
57;2024-06-01;3
57;2024-08-01;4
57;2024-09-01;6
57;2024-10-01;1
57;2024-11-01;9
57;2024-12-01;1
57;2025-01-01;7
57;2025-02-01;3
57;2025-04-01;1
57;2025-05-01;5
57;2025-06-01;23
57;2025-07-01;6
57;2025-08-01;43
58;2020-08-01;1
58;2020-09-01;1
58;2021-05-01;5
58;2021-06-01;3
58;2021-07-01;2
58;2021-09-01;2
58;2021-10-01;1
58;2023-02-01;1
58;2023-05-01;2
58;2023-07-01;2
58;2023-10-01;33
58;2023-11-01;31
58;2023-12-01;12
58;2024-01-01;17
58;2024-02-01;12
58;2024-03-01;19
58;2024-04-01;9
58;2024-05-01;12
58;2024-06-01;7
58;2024-07-01;8
58;2024-08-01;3
58;2024-09-01;4
58;2024-10-01;18
58;2024-11-01;10
58;2024-12-01;3
58;2025-01-01;9
58;2025-02-01;4
58;2025-03-01;2
58;2025-04-01;11
58;2025-05-01;7
58;2025-06-01;13
58;2025-07-01;9
58;2025-08-01;66
58;2025-09-01;1
59;2021-05-01;8
59;2021-06-01;2
59;2021-09-01;1
59;2022-05-01;9
59;2023-10-01;41
59;2023-11-01;29
59;2023-12-01;10
59;2024-01-01;7
59;2024-02-01;11
59;2024-03-01;12
59;2024-04-01;13
59;2024-05-01;9
59;2024-06-01;9
59;2024-07-01;5
59;2024-08-01;2
59;2024-09-01;6
59;2024-10-01;8
59;2024-11-01;4
59;2024-12-01;22
59;2025-01-01;9
59;2025-02-01;2
59;2025-03-01;11
59;2025-04-01;3
59;2025-05-01;3
59;2025-06-01;9
59;2025-07-01;7
59;2025-08-01;66
60;2021-05-01;2
60;2023-01-01;3
60;2023-02-01;1
60;2023-04-01;1
60;2023-10-01;4
60;2023-11-01;8
60;2023-12-01;1
60;2024-01-01;3
60;2024-02-01;2
60;2024-03-01;7
60;2024-04-01;2
60;2024-05-01;1
60;2024-06-01;7
60;2024-08-01;1
60;2024-09-01;4
60;2024-10-01;7
60;2024-11-01;2
60;2024-12-01;5
60;2025-01-01;4
60;2025-02-01;2
60;2025-03-01;3
60;2025-04-01;4
60;2025-05-01;4
60;2025-06-01;10
60;2025-07-01;7
60;2025-08-01;15
60;2025-09-01;1
61;2020-09-01;1
61;2021-02-01;1
61;2021-05-01;7
61;2021-07-01;1
61;2021-09-01;2
61;2022-03-01;1
61;2022-06-01;1
61;2022-07-01;1
61;2023-02-01;1
61;2023-10-01;35
61;2023-11-01;37
61;2023-12-01;8
61;2024-01-01;1
61;2024-02-01;5
61;2024-03-01;11
61;2024-04-01;12
61;2024-05-01;6
61;2024-06-01;14
61;2024-07-01;4
61;2024-08-01;8
61;2024-09-01;5
61;2024-10-01;5
61;2024-11-01;8
61;2024-12-01;5
61;2025-01-01;9
61;2025-02-01;5
61;2025-03-01;3
61;2025-04-01;4
61;2025-05-01;13
61;2025-06-01;25
61;2025-07-01;17
61;2025-08-01;77
61;2025-09-01;2
62;2020-07-01;4
62;2021-05-01;15
62;2023-10-01;14
62;2023-11-01;17
62;2023-12-01;5
62;2024-01-01;3
62;2024-02-01;4
62;2024-03-01;2
62;2024-04-01;2
62;2024-05-01;5
62;2024-06-01;1
62;2024-07-01;2
62;2024-09-01;6
62;2024-10-01;11
62;2024-11-01;5
62;2024-12-01;1
62;2025-02-01;16
62;2025-03-01;3
62;2025-04-01;7
62;2025-05-01;14
62;2025-06-01;18
62;2025-07-01;12
62;2025-08-01;27
62;2025-09-01;1
63;2021-06-01;46
63;2021-07-01;1
63;2021-08-01;1
63;2021-10-01;3
63;2023-10-01;7
63;2023-11-01;10
63;2023-12-01;14
63;2024-01-01;5
63;2024-02-01;3
63;2024-03-01;3
63;2024-04-01;2
63;2024-05-01;1
63;2024-07-01;1
63;2024-09-01;2
63;2024-10-01;15
63;2024-12-01;1
63;2025-01-01;1
63;2025-02-01;6
63;2025-03-01;1
63;2025-04-01;31
63;2025-05-01;36
63;2025-06-01;5
63;2025-07-01;4
63;2025-08-01;15
64;2021-05-01;10
64;2021-06-01;4
64;2021-07-01;1
64;2022-06-01;1
64;2023-10-01;2
64;2023-11-01;1
64;2023-12-01;3
64;2024-01-01;1
64;2024-02-01;1
64;2024-03-01;1
64;2024-04-01;1
64;2024-05-01;5
64;2024-06-01;1
64;2024-07-01;3
64;2024-08-01;1
64;2024-10-01;1
64;2024-11-01;2
64;2025-01-01;2
64;2025-02-01;2
64;2025-03-01;7
64;2025-04-01;1
64;2025-05-01;3
64;2025-06-01;3
64;2025-07-01;3
64;2025-08-01;13
65;2021-05-01;8
65;2021-06-01;1
65;2021-07-01;2
65;2023-10-01;8
65;2023-11-01;16
65;2023-12-01;6
65;2024-01-01;5
65;2024-02-01;7
65;2024-03-01;2
65;2024-04-01;6
65;2024-05-01;4
65;2024-06-01;3
65;2024-07-01;1
65;2024-08-01;3
65;2024-09-01;4
65;2024-10-01;9
65;2024-11-01;2
65;2024-12-01;3
65;2025-01-01;10
65;2025-02-01;7
65;2025-03-01;5
65;2025-04-01;5
65;2025-05-01;3
65;2025-06-01;7
65;2025-07-01;3
65;2025-08-01;28
66;2020-12-01;1
66;2021-03-01;1
66;2021-05-01;9
66;2021-06-01;6
66;2021-07-01;1
66;2022-02-01;1
66;2022-04-01;2
66;2022-05-01;3
66;2022-08-01;1
66;2023-04-01;1
66;2023-05-01;1
66;2023-10-01;25
66;2023-11-01;14
66;2023-12-01;7
66;2024-01-01;7
66;2024-02-01;6
66;2024-03-01;4
66;2024-04-01;16
66;2024-05-01;5
66;2024-06-01;3
66;2024-07-01;4
66;2024-08-01;6
66;2024-09-01;5
66;2024-10-01;12
66;2024-11-01;5
66;2024-12-01;7
66;2025-01-01;3
66;2025-02-01;4
66;2025-03-01;13
66;2025-04-01;7
66;2025-05-01;8
66;2025-06-01;8
66;2025-07-01;7
66;2025-08-01;43
66;2025-09-01;2
67;2020-05-01;1
67;2020-06-01;4
67;2021-05-01;1
67;2021-06-01;2
67;2021-07-01;3
67;2023-01-01;2
67;2023-10-01;18
67;2023-11-01;13
67;2023-12-01;8
67;2024-01-01;5
67;2024-02-01;2
67;2024-03-01;1
67;2024-04-01;6
67;2024-05-01;1
67;2024-06-01;3
67;2024-07-01;2
67;2024-08-01;3
67;2024-09-01;2
67;2024-10-01;6
67;2024-11-01;1
67;2024-12-01;1
67;2025-01-01;4
67;2025-02-01;2
67;2025-03-01;4
67;2025-04-01;5
67;2025-05-01;7
67;2025-06-01;16
67;2025-07-01;10
67;2025-08-01;15
68;2021-05-01;3
68;2021-06-01;1
68;2021-08-01;1
68;2023-10-01;5
68;2023-11-01;3
68;2023-12-01;1
68;2024-01-01;6
68;2024-02-01;3
68;2024-03-01;5
68;2024-04-01;2
68;2024-05-01;2
68;2024-06-01;2
68;2024-07-01;1
68;2024-08-01;8
68;2024-09-01;9
68;2024-10-01;10
68;2024-11-01;4
68;2024-12-01;3
68;2025-01-01;5
68;2025-02-01;5
68;2025-03-01;6
68;2025-04-01;1
68;2025-05-01;7
68;2025-06-01;7
68;2025-07-01;5
68;2025-08-01;23
69;2021-05-01;1
69;2021-08-01;1
69;2023-10-01;20
69;2023-11-01;7
69;2023-12-01;12
69;2024-01-01;1
69;2024-02-01;2
69;2024-03-01;2
69;2024-04-01;6
69;2024-06-01;2
69;2024-07-01;1
69;2024-08-01;7
69;2024-09-01;4
69;2024-10-01;4
69;2024-11-01;2
69;2025-01-01;1
69;2025-02-01;2
69;2025-03-01;1
69;2025-04-01;3
69;2025-05-01;5
69;2025-06-01;2
69;2025-07-01;3
69;2025-08-01;12
69;2025-09-01;2
70;2021-05-01;6
70;2021-06-01;3
70;2021-10-01;1
70;2022-01-01;1
70;2022-02-01;1
70;2023-10-01;30
70;2023-11-01;3
70;2023-12-01;5
70;2024-01-01;3
70;2024-02-01;2
70;2024-03-01;1
70;2024-04-01;8
70;2024-05-01;4
70;2024-06-01;3
70;2024-07-01;3
70;2024-08-01;5
70;2024-10-01;1
70;2024-11-01;5
70;2024-12-01;7
70;2025-01-01;23
70;2025-02-01;3
70;2025-03-01;6
70;2025-04-01;2
70;2025-05-01;16
70;2025-06-01;5
70;2025-07-01;1
70;2025-08-01;6
71;2020-06-01;1
71;2021-05-01;1
71;2023-11-01;4
71;2024-01-01;1
71;2024-03-01;1
71;2024-05-01;8
71;2024-09-01;1
71;2024-11-01;1
71;2024-12-01;15
71;2025-01-01;8
71;2025-03-01;8
71;2025-05-01;2
71;2025-06-01;17
71;2025-07-01;9
71;2025-08-01;3
72;2020-08-01;2
72;2020-10-01;1
72;2021-05-01;7
72;2021-06-01;9
72;2021-07-01;1
72;2022-06-01;1
72;2022-08-01;2
72;2023-02-01;2
72;2023-10-01;4
72;2023-11-01;11
72;2023-12-01;7
72;2024-01-01;4
72;2024-02-01;2
72;2024-03-01;2
72;2024-04-01;3
72;2024-05-01;2
72;2024-06-01;3
72;2024-07-01;3
72;2024-08-01;1
72;2024-09-01;1
72;2024-10-01;2
72;2024-11-01;1
72;2024-12-01;1
72;2025-01-01;3
72;2025-02-01;8
72;2025-03-01;1
72;2025-04-01;2
72;2025-05-01;7
72;2025-06-01;3
72;2025-07-01;4
72;2025-08-01;14
73;2020-09-01;5
73;2021-05-01;4
73;2021-06-01;1
73;2021-07-01;1
73;2021-08-01;1
73;2021-09-01;2
73;2021-12-01;1
73;2022-06-01;1
73;2022-10-01;1
73;2023-05-01;1
73;2023-10-01;4
73;2023-11-01;6
73;2023-12-01;1
73;2024-01-01;4
73;2024-02-01;3
73;2024-03-01;7
73;2024-04-01;1
73;2024-05-01;1
73;2024-06-01;12
73;2024-07-01;1
73;2024-08-01;1
73;2024-09-01;2
73;2024-10-01;1
73;2024-11-01;2
73;2024-12-01;1
73;2025-01-01;3
73;2025-02-01;4
73;2025-03-01;2
73;2025-04-01;6
73;2025-05-01;3
73;2025-06-01;2
73;2025-07-01;9
73;2025-08-01;16
74;2023-10-01;2
74;2023-11-01;1
74;2024-01-01;1
74;2025-03-01;1
74;2025-04-01;44
74;2025-06-01;5
74;2025-07-01;4
74;2025-08-01;1
75;2021-05-01;9
75;2021-06-01;4
75;2022-05-01;1
75;2023-10-01;22
75;2023-11-01;15
75;2023-12-01;4
75;2024-01-01;4
75;2024-02-01;8
75;2024-03-01;5
75;2024-04-01;2
75;2024-05-01;7
75;2024-06-01;3
75;2024-07-01;2
75;2024-08-01;2
75;2024-09-01;3
75;2024-10-01;1
75;2024-11-01;5
75;2024-12-01;1
75;2025-01-01;4
75;2025-02-01;2
75;2025-03-01;4
75;2025-04-01;2
75;2025-05-01;8
75;2025-06-01;7
75;2025-07-01;7
75;2025-08-01;13
76;2021-05-01;29
76;2021-06-01;3
76;2021-08-01;1
76;2021-10-01;1
76;2023-10-01;3
76;2023-11-01;3
76;2023-12-01;4
76;2024-01-01;1
76;2024-03-01;1
76;2024-04-01;1
76;2024-07-01;3
76;2024-09-01;1
76;2024-10-01;1
76;2025-01-01;1
76;2025-02-01;1
76;2025-04-01;9
76;2025-05-01;6
76;2025-07-01;3
76;2025-08-01;52
77;2021-05-01;7
77;2021-06-01;1
77;2022-04-01;1
77;2023-10-01;18
77;2023-11-01;13
77;2023-12-01;7
77;2024-01-01;10
77;2024-02-01;16
77;2024-03-01;11
77;2024-04-01;6
77;2024-05-01;1
77;2024-06-01;5
77;2024-08-01;4
77;2024-09-01;4
77;2024-10-01;3
77;2024-11-01;16
77;2024-12-01;3
77;2025-02-01;5
77;2025-03-01;4
77;2025-05-01;9
77;2025-08-01;11
77;2025-09-01;1
78;2021-05-01;1
78;2023-10-01;10
78;2023-11-01;9
78;2023-12-01;5
78;2024-01-01;4
78;2024-02-01;1
78;2024-03-01;7
78;2024-04-01;1
78;2024-07-01;3
78;2024-08-01;1
78;2024-10-01;6
78;2025-01-01;4
78;2025-02-01;1
78;2025-03-01;2
78;2025-04-01;4
78;2025-05-01;5
78;2025-06-01;7
78;2025-07-01;12
78;2025-08-01;13
79;2020-06-01;2
79;2021-05-01;1
79;2021-06-01;2
79;2023-11-01;1
79;2023-12-01;1
79;2024-03-01;2
79;2024-05-01;3
79;2024-06-01;1
79;2024-09-01;2
79;2024-10-01;2
79;2024-11-01;1
79;2024-12-01;2
79;2025-02-01;36
79;2025-04-01;1
79;2025-05-01;4
79;2025-06-01;1
79;2025-07-01;4
79;2025-08-01;4
80;2020-06-01;1
80;2021-05-01;3
80;2021-06-01;1
80;2022-05-01;1
80;2022-12-01;1
80;2023-10-01;3
80;2023-11-01;2
80;2023-12-01;1
80;2024-01-01;1
80;2024-02-01;1
80;2024-04-01;2
80;2024-05-01;2
80;2024-08-01;3
80;2024-09-01;1
80;2024-11-01;1
80;2025-01-01;2
80;2025-02-01;4
80;2025-03-01;2
80;2025-04-01;1
80;2025-05-01;2
80;2025-06-01;3
80;2025-07-01;1
80;2025-08-01;8
81;2021-05-01;6
81;2021-06-01;1
81;2021-07-01;4
81;2021-10-01;1
81;2022-09-01;1
81;2023-05-01;1
81;2023-06-01;1
81;2023-07-01;1
81;2023-10-01;14
81;2023-11-01;16
81;2023-12-01;14
81;2024-01-01;5
81;2024-02-01;2
81;2024-03-01;2
81;2024-04-01;12
81;2024-05-01;5
81;2024-06-01;1
81;2024-07-01;2
81;2024-08-01;4
81;2024-09-01;2
81;2024-10-01;5
81;2024-11-01;1
81;2025-01-01;2
81;2025-02-01;7
81;2025-03-01;4
81;2025-04-01;4
81;2025-05-01;3
81;2025-06-01;11
81;2025-07-01;8
81;2025-08-01;23
82;2020-05-01;1
82;2020-07-01;2
82;2021-05-01;1
82;2021-06-01;5
82;2021-07-01;1
82;2021-10-01;1
82;2021-11-01;1
82;2022-05-01;1
82;2022-06-01;1
82;2023-01-01;1
82;2023-05-01;1
82;2023-10-01;18
82;2023-11-01;27
82;2023-12-01;7
82;2024-01-01;2
82;2024-02-01;2
82;2024-03-01;3
82;2024-04-01;6
82;2024-05-01;5
82;2024-06-01;8
82;2024-07-01;2
82;2024-08-01;4
82;2024-09-01;1
82;2024-10-01;5
82;2024-11-01;3
82;2025-01-01;3
82;2025-02-01;5
82;2025-03-01;2
82;2025-04-01;5
82;2025-05-01;11
82;2025-06-01;5
82;2025-07-01;4
82;2025-08-01;29
82;2025-09-01;1
83;2021-05-01;1
83;2023-10-01;3
83;2023-11-01;2
83;2023-12-01;1
83;2024-02-01;1
83;2024-03-01;45
83;2024-04-01;1
83;2024-05-01;1
83;2024-06-01;1
83;2025-01-01;1
83;2025-02-01;5
83;2025-04-01;1
83;2025-05-01;3
83;2025-06-01;1
83;2025-07-01;12
83;2025-08-01;4
84;2021-04-01;1
84;2021-05-01;1
84;2022-05-01;3
84;2023-05-01;3
84;2023-06-01;2
84;2023-10-01;5
84;2023-11-01;7
84;2023-12-01;7
84;2024-01-01;4
84;2024-04-01;8
84;2024-05-01;6
84;2024-07-01;5
84;2024-08-01;5
84;2024-10-01;10
84;2024-11-01;4
84;2024-12-01;3
84;2025-01-01;3
84;2025-04-01;2
84;2025-05-01;45
84;2025-06-01;63
84;2025-07-01;3
84;2025-08-01;22
84;2025-09-01;1
85;2021-06-01;3
85;2021-07-01;5
85;2021-09-01;1
85;2022-05-01;2
85;2022-06-01;2
85;2022-07-01;3
85;2023-07-01;1
85;2023-10-01;18
85;2023-11-01;22
85;2023-12-01;8
85;2024-01-01;6
85;2024-02-01;8
85;2024-03-01;1
85;2024-04-01;5
85;2024-05-01;1
85;2024-06-01;1
85;2024-07-01;4
85;2024-08-01;8
85;2024-09-01;2
85;2024-10-01;5
85;2024-11-01;6
85;2024-12-01;3
85;2025-01-01;3
85;2025-02-01;2
85;2025-03-01;7
85;2025-04-01;8
85;2025-05-01;7
85;2025-06-01;8
85;2025-07-01;3
85;2025-08-01;44
85;2025-09-01;2
86;2021-05-01;3
86;2021-06-01;1
86;2021-07-01;2
86;2021-08-01;1
86;2022-07-01;1
86;2023-10-01;33
86;2023-11-01;8
86;2024-01-01;2
86;2024-02-01;3
86;2024-03-01;2
86;2024-04-01;1
86;2024-06-01;2
86;2024-07-01;7
86;2024-08-01;3
86;2024-09-01;3
86;2024-10-01;3
86;2024-11-01;1
86;2025-01-01;14
86;2025-02-01;4
86;2025-05-01;6
86;2025-06-01;1
86;2025-07-01;2
86;2025-08-01;9
87;2021-05-01;4
87;2021-06-01;1
87;2021-07-01;1
87;2021-08-01;1
87;2021-09-01;1
87;2022-03-01;1
87;2022-05-01;1
87;2022-06-01;1
87;2023-10-01;18
87;2023-11-01;13
87;2023-12-01;4
87;2024-01-01;3
87;2024-02-01;2
87;2024-03-01;2
87;2024-04-01;8
87;2024-05-01;2
87;2024-06-01;1
87;2024-07-01;4
87;2024-08-01;1
87;2024-09-01;5
87;2024-10-01;2
87;2024-11-01;5
87;2024-12-01;2
87;2025-01-01;2
87;2025-03-01;1
87;2025-04-01;2
87;2025-05-01;3
87;2025-06-01;5
87;2025-07-01;3
87;2025-08-01;12
87;2025-09-01;1
88;2021-05-01;1
88;2023-10-01;5
88;2023-11-01;13
88;2023-12-01;3
88;2024-04-01;1
88;2024-08-01;1
88;2025-02-01;1
88;2025-05-01;1
88;2025-06-01;59
88;2025-07-01;1
88;2025-08-01;4
89;2021-05-01;10
89;2021-06-01;1
89;2021-07-01;1
89;2021-10-01;1
89;2023-10-01;8
89;2023-11-01;9
89;2023-12-01;4
89;2024-01-01;1
89;2024-02-01;1
89;2024-03-01;3
89;2024-04-01;5
89;2024-05-01;3
89;2024-06-01;2
89;2024-07-01;1
89;2024-08-01;2
89;2024-09-01;1
89;2024-10-01;1
89;2024-11-01;3
89;2024-12-01;2
89;2025-02-01;1
89;2025-03-01;10
89;2025-04-01;2
89;2025-05-01;15
89;2025-06-01;4
89;2025-07-01;1
89;2025-08-01;7
90;2020-05-01;2
90;2020-08-01;2
90;2021-05-01;5
90;2021-08-01;1
90;2023-10-01;36
90;2023-11-01;16
90;2023-12-01;22
90;2024-01-01;5
90;2024-02-01;12
90;2024-03-01;7
90;2024-04-01;9
90;2024-05-01;11
90;2024-06-01;7
90;2024-07-01;2
90;2024-08-01;5
90;2024-09-01;5
90;2024-11-01;2
90;2024-12-01;1
90;2025-01-01;2
90;2025-02-01;2
90;2025-03-01;7
90;2025-04-01;6
90;2025-05-01;10
90;2025-06-01;10
90;2025-07-01;7
90;2025-08-01;16
90;2025-09-01;1
91;2021-05-01;5
91;2021-06-01;2
91;2023-08-01;1
91;2023-11-01;2
91;2023-12-01;1
91;2024-01-01;1
91;2024-02-01;16
91;2024-03-01;6
91;2024-07-01;7
91;2024-08-01;1
91;2024-10-01;1
91;2025-01-01;2
91;2025-04-01;1
91;2025-05-01;2
91;2025-08-01;4
92;2021-05-01;1
92;2023-11-01;1
92;2024-05-01;1
92;2025-01-01;38
92;2025-07-01;1
92;2025-08-01;1
93;2023-10-01;22
93;2023-11-01;13
93;2023-12-01;4
93;2024-01-01;2
93;2024-02-01;4
93;2024-03-01;8
93;2024-04-01;6
93;2024-05-01;2
93;2024-06-01;2
93;2024-07-01;1
93;2024-08-01;1
93;2024-10-01;5
93;2024-11-01;2
93;2025-01-01;4
93;2025-02-01;11
93;2025-03-01;1
93;2025-04-01;8
93;2025-05-01;11
93;2025-06-01;32
93;2025-07-01;8
93;2025-08-01;63
93;2025-09-01;1
94;2020-05-01;1
94;2021-04-01;1
94;2021-05-01;2
94;2021-06-01;5
94;2022-01-01;1
94;2022-02-01;3
94;2022-03-01;3
94;2022-04-01;1
94;2023-02-01;1
94;2023-10-01;16
94;2023-11-01;15
94;2023-12-01;10
94;2024-01-01;6
94;2024-02-01;5
94;2024-03-01;3
94;2024-04-01;4
94;2024-05-01;2
94;2024-07-01;2
94;2024-08-01;2
94;2024-09-01;7
94;2024-10-01;2
94;2024-11-01;4
94;2024-12-01;1
94;2025-01-01;6
94;2025-02-01;2
94;2025-03-01;4
94;2025-04-01;2
94;2025-05-01;1
94;2025-06-01;5
94;2025-07-01;6
94;2025-08-01;21
95;2021-02-01;2
95;2021-05-01;1
95;2021-06-01;1
95;2021-07-01;2
95;2022-06-01;2
95;2022-07-01;1
95;2022-08-01;1
95;2022-09-01;1
95;2023-10-01;5
95;2023-11-01;1
95;2023-12-01;3
95;2024-02-01;13
95;2024-05-01;14
95;2024-06-01;1
95;2024-07-01;1
95;2024-09-01;1
95;2024-10-01;1
95;2024-11-01;1
95;2024-12-01;2
95;2025-01-01;2
95;2025-03-01;1
95;2025-08-01;3
96;2021-05-01;1
96;2023-10-01;15
96;2023-11-01;2
96;2023-12-01;4
96;2024-01-01;2
96;2024-02-01;1
96;2024-03-01;2
96;2024-04-01;3
96;2024-06-01;1
96;2024-07-01;1
96;2024-08-01;5
96;2024-09-01;2
96;2024-12-01;5
96;2025-01-01;2
96;2025-02-01;8
96;2025-04-01;3
96;2025-06-01;9
96;2025-07-01;5
96;2025-08-01;15
97;2021-05-01;2
97;2022-05-01;1
97;2022-06-01;1
97;2023-01-01;1
97;2023-04-01;1
97;2023-10-01;7
97;2023-11-01;11
97;2023-12-01;6
97;2024-01-01;4
97;2024-02-01;4
97;2024-03-01;4
97;2024-04-01;4
97;2024-05-01;3
97;2024-06-01;1
97;2024-07-01;1
97;2024-08-01;7
97;2024-09-01;2
97;2024-10-01;4
97;2024-11-01;4
97;2024-12-01;1
97;2025-01-01;2
97;2025-03-01;2
97;2025-04-01;3
97;2025-05-01;1
97;2025-06-01;10
97;2025-07-01;4
97;2025-08-01;15
97;2025-09-01;1
98;2021-05-01;2
98;2023-10-01;1
98;2023-12-01;1
98;2024-10-01;1
98;2025-02-01;1
98;2025-04-01;1
98;2025-07-01;60
98;2025-08-01;4
99;2023-10-01;6
99;2023-11-01;11
99;2024-01-01;3
99;2024-02-01;1
99;2024-03-01;6
99;2024-06-01;1
99;2024-07-01;3
99;2024-08-01;4
99;2024-09-01;8
99;2024-10-01;1
99;2024-11-01;2
99;2025-01-01;1
99;2025-02-01;42
99;2025-03-01;2
99;2025-04-01;1
99;2025-05-01;7
99;2025-06-01;2
99;2025-07-01;8
99;2025-08-01;19
99;2025-09-01;2
100;2021-05-01;2
100;2021-08-01;2
100;2022-02-01;1
100;2022-05-01;1
100;2023-10-01;10
100;2023-11-01;16
100;2023-12-01;13
100;2024-01-01;4
100;2024-03-01;3
100;2024-04-01;11
100;2024-05-01;9
100;2024-06-01;5
100;2024-08-01;1
100;2024-10-01;18
100;2024-12-01;6
100;2025-02-01;8
100;2025-04-01;1
100;2025-05-01;7
100;2025-06-01;9
100;2025-07-01;6
100;2025-08-01;8
100;2025-09-01;1
101;2024-09-01;73
101;2024-10-01;7
101;2025-01-01;5
101;2025-05-01;1
101;2025-06-01;3
101;2025-08-01;2
102;2023-10-01;1
102;2023-11-01;2
102;2025-01-01;1
102;2025-02-01;46
102;2025-03-01;1
102;2025-05-01;1
102;2025-06-01;2
102;2025-07-01;2
102;2025-08-01;3
103;2021-05-01;4
103;2021-06-01;1
103;2021-07-01;2
103;2021-08-01;1
103;2023-10-01;2
103;2023-11-01;5
103;2023-12-01;6
103;2024-01-01;1
103;2024-02-01;5
103;2024-03-01;9
103;2024-04-01;4
103;2024-05-01;4
103;2024-06-01;1
103;2024-07-01;6
103;2024-08-01;3
103;2024-09-01;2
103;2024-10-01;4
103;2024-11-01;1
103;2024-12-01;4
103;2025-01-01;3
103;2025-02-01;4
103;2025-03-01;3
103;2025-04-01;1
103;2025-05-01;1
103;2025-06-01;5
103;2025-07-01;6
103;2025-08-01;14
104;2020-07-01;1
104;2021-05-01;2
104;2021-06-01;4
104;2021-10-01;1
104;2022-04-01;1
104;2022-05-01;3
104;2022-06-01;1
104;2023-09-01;2
104;2023-10-01;21
104;2023-11-01;17
104;2023-12-01;4
104;2024-01-01;3
104;2024-02-01;2
104;2024-03-01;2
104;2024-04-01;5
104;2024-05-01;6
104;2024-06-01;3
104;2024-07-01;3
104;2024-08-01;1
104;2024-09-01;1
104;2024-10-01;6
104;2024-11-01;1
104;2024-12-01;1
104;2025-01-01;4
104;2025-02-01;8
104;2025-03-01;2
104;2025-04-01;9
104;2025-05-01;1
104;2025-06-01;6
104;2025-07-01;2
104;2025-08-01;24
104;2025-09-01;1
105;2024-02-01;2
105;2024-05-01;2
105;2024-07-01;19
105;2024-10-01;1
105;2025-01-01;2
105;2025-02-01;2
105;2025-03-01;1
105;2025-04-01;1
105;2025-05-01;1
105;2025-06-01;5
105;2025-08-01;3
106;2021-05-01;1
106;2021-07-01;2
106;2023-11-01;1
106;2024-02-01;1
106;2024-04-01;4
106;2024-05-01;22
106;2024-06-01;2
106;2024-07-01;1
106;2024-10-01;2
106;2025-03-01;1
106;2025-04-01;2
106;2025-05-01;23
106;2025-06-01;4
106;2025-08-01;1
107;2023-01-01;1
107;2023-10-01;4
107;2023-11-01;5
107;2024-01-01;2
107;2024-03-01;4
107;2024-04-01;1
107;2024-06-01;2
107;2024-07-01;2
107;2024-08-01;2
107;2024-10-01;2
107;2024-12-01;1
107;2025-02-01;1
107;2025-03-01;3
107;2025-04-01;2
107;2025-05-01;10
107;2025-06-01;3
107;2025-07-01;6
107;2025-08-01;6
107;2025-09-01;3
108;2021-05-01;2
108;2023-11-01;1
108;2024-04-01;4
108;2024-09-01;5
108;2024-11-01;1
108;2024-12-01;1
108;2025-02-01;2
108;2025-04-01;1
108;2025-07-01;22
108;2025-08-01;2
109;2021-05-01;3
109;2021-06-01;2
109;2022-05-01;2
109;2023-04-01;1
109;2023-10-01;8
109;2023-11-01;8
109;2024-01-01;2
109;2024-02-01;1
109;2024-03-01;2
109;2024-04-01;3
109;2024-05-01;4
109;2024-06-01;1
109;2024-07-01;1
109;2024-08-01;1
109;2024-09-01;1
109;2024-10-01;3
109;2024-11-01;6
109;2025-01-01;2
109;2025-02-01;1
109;2025-03-01;4
109;2025-04-01;2
109;2025-05-01;1
109;2025-06-01;7
109;2025-07-01;2
109;2025-08-01;2
109;2025-09-01;2
110;2023-10-01;6
110;2023-11-01;8
110;2023-12-01;6
110;2024-02-01;1
110;2024-03-01;6
110;2024-04-01;1
110;2024-05-01;1
110;2024-06-01;1
110;2024-07-01;3
110;2024-08-01;1
110;2024-09-01;1
110;2024-10-01;1
110;2025-03-01;1
111;2023-11-01;1
111;2024-01-01;1
111;2024-02-01;58
111;2024-03-01;6
111;2024-04-01;1
111;2024-05-01;2
111;2024-10-01;3
111;2024-11-01;2
111;2024-12-01;1
111;2025-01-01;1
111;2025-05-01;1
111;2025-06-01;1
111;2025-08-01;2
112;2021-06-01;2
112;2023-10-01;6
112;2023-11-01;7
112;2023-12-01;9
112;2024-01-01;2
112;2024-02-01;7
112;2024-03-01;6
112;2024-04-01;4
112;2024-05-01;1
112;2024-08-01;5
112;2024-09-01;2
112;2024-10-01;2
112;2024-11-01;1
112;2024-12-01;1
112;2025-01-01;1
112;2025-02-01;5
112;2025-03-01;3
112;2025-04-01;3
112;2025-05-01;10
112;2025-06-01;10
112;2025-07-01;9
112;2025-08-01;14
113;2021-05-01;3
113;2022-04-01;2
113;2022-09-01;1
113;2023-10-01;1
113;2023-11-01;3
113;2023-12-01;1
113;2024-01-01;1
113;2024-02-01;1
113;2024-04-01;1
113;2024-05-01;7
113;2024-07-01;1
113;2024-08-01;2
113;2024-09-01;2
113;2024-10-01;3
113;2025-01-01;2
113;2025-02-01;1
113;2025-03-01;3
113;2025-04-01;4
113;2025-05-01;1
113;2025-06-01;4
113;2025-07-01;4
113;2025-08-01;5
114;2021-05-01;2
114;2021-11-01;2
114;2023-10-01;20
114;2023-11-01;17
114;2023-12-01;6
114;2024-01-01;4
114;2024-02-01;6
114;2024-03-01;8
114;2024-04-01;3
114;2024-05-01;4
114;2024-06-01;2
114;2024-07-01;2
114;2024-08-01;1
114;2024-09-01;1
114;2024-10-01;6
114;2024-11-01;5
114;2024-12-01;2
114;2025-01-01;2
114;2025-02-01;5
114;2025-03-01;6
114;2025-04-01;3
114;2025-05-01;6
114;2025-06-01;3
114;2025-07-01;3
114;2025-08-01;17
114;2025-09-01;1
