date,comments,posts,total
2020-05-07,27.0,1.0,28.0
2020-05-08,4.0,0.0,4.0
2020-05-14,2.0,0.0,2.0
2020-05-20,4.0,1.0,5.0
2020-05-21,115.0,0.0,115.0
2020-05-22,16.0,0.0,16.0
2020-05-23,35.0,0.0,35.0
2020-05-24,4.0,0.0,4.0
2020-05-25,7.0,0.0,7.0
2020-05-26,1.0,0.0,1.0
2020-05-31,36.0,1.0,37.0
2020-06-01,446.0,0.0,446.0
2020-06-02,4.0,0.0,4.0
2020-06-07,3.0,0.0,3.0
2020-07-01,1.0,0.0,1.0
2020-07-06,125.0,1.0,126.0
2020-07-07,48.0,0.0,48.0
2020-07-08,20.0,0.0,20.0
2020-07-09,131.0,1.0,132.0
2020-07-10,25.0,0.0,25.0
2020-07-12,2.0,0.0,2.0
2020-07-15,3.0,0.0,3.0
2020-07-16,2.0,0.0,2.0
2020-07-18,3.0,0.0,3.0
2020-07-19,1.0,0.0,1.0
2020-07-20,1.0,0.0,1.0
2020-07-22,4.0,0.0,4.0
2020-07-25,4.0,0.0,4.0
2020-07-30,1.0,0.0,1.0
2020-08-04,160.0,1.0,161.0
2020-08-05,62.0,0.0,62.0
2020-08-06,8.0,0.0,8.0
2020-08-07,6.0,0.0,6.0
2020-08-08,2.0,0.0,2.0
2020-08-10,1.0,0.0,1.0
2020-08-11,1.0,0.0,1.0
2020-08-12,3.0,0.0,3.0
2020-08-13,58.0,1.0,59.0
2020-08-14,52.0,0.0,52.0
2020-08-15,3.0,0.0,3.0
2020-08-18,110.0,1.0,111.0
2020-08-19,58.0,0.0,58.0
2020-08-20,23.0,0.0,23.0
2020-08-22,3.0,0.0,3.0
2020-08-23,2.0,0.0,2.0
2020-08-24,8.0,0.0,8.0
2020-08-25,7.0,0.0,7.0
2020-08-26,7.0,0.0,7.0
2020-08-27,7.0,0.0,7.0
2020-08-28,6.0,0.0,6.0
2020-08-29,6.0,0.0,6.0
2020-08-30,5.0,0.0,5.0
2020-08-31,2.0,0.0,2.0
2020-09-01,101.0,1.0,102.0
2020-09-02,44.0,0.0,44.0
2020-09-03,28.0,1.0,29.0
2020-09-04,34.0,0.0,34.0
2020-09-05,19.0,0.0,19.0
2020-09-06,14.0,0.0,14.0
2020-09-07,8.0,0.0,8.0
2020-09-08,20.0,0.0,20.0
2020-09-09,1.0,0.0,1.0
2020-09-11,2.0,0.0,2.0
2020-09-12,1.0,0.0,1.0
2020-09-13,1.0,0.0,1.0
2020-09-14,6.0,0.0,6.0
2020-09-16,5.0,0.0,5.0
2020-09-17,4.0,0.0,4.0
2020-09-18,3.0,0.0,3.0
2020-09-20,5.0,0.0,5.0
2020-09-21,128.0,1.0,129.0
2020-09-22,61.0,0.0,61.0
2020-09-23,3.0,0.0,3.0
2020-09-24,36.0,0.0,36.0
2020-09-25,18.0,0.0,18.0
2020-09-26,2.0,0.0,2.0
2020-09-27,3.0,0.0,3.0
2020-09-29,1.0,0.0,1.0
2020-10-01,1.0,0.0,1.0
2020-10-02,1.0,0.0,1.0
2020-10-03,2.0,0.0,2.0
2020-10-08,1.0,0.0,1.0
2020-10-09,1.0,0.0,1.0
2020-10-12,3.0,0.0,3.0
2020-10-13,5.0,0.0,5.0
2020-10-15,1.0,0.0,1.0
2020-10-17,11.0,0.0,11.0
2020-10-18,1.0,0.0,1.0
2020-10-20,3.0,0.0,3.0
2020-10-22,6.0,0.0,6.0
2020-10-27,4.0,0.0,4.0
2020-10-28,12.0,0.0,12.0
2020-11-04,2.0,0.0,2.0
2020-11-09,2.0,0.0,2.0
2020-11-24,2.0,0.0,2.0
2020-11-25,1.0,0.0,1.0
2020-11-27,3.0,0.0,3.0
2020-11-29,1.0,0.0,1.0
2020-12-08,3.0,0.0,3.0
2020-12-09,2.0,0.0,2.0
2020-12-10,38.0,1.0,39.0
2020-12-11,8.0,0.0,8.0
2020-12-12,2.0,0.0,2.0
2020-12-13,1.0,0.0,1.0
2020-12-17,1.0,0.0,1.0
2020-12-26,1.0,0.0,1.0
2021-01-02,6.0,0.0,6.0
2021-01-05,2.0,0.0,2.0
2021-01-13,104.0,1.0,105.0
2021-01-14,32.0,0.0,32.0
2021-01-15,12.0,0.0,12.0
2021-01-20,6.0,0.0,6.0
2021-01-21,1.0,0.0,1.0
2021-01-28,1.0,0.0,1.0
2021-01-31,1.0,0.0,1.0
2021-02-02,3.0,1.0,4.0
2021-02-03,26.0,0.0,26.0
2021-02-06,1.0,0.0,1.0
2021-02-07,8.0,0.0,8.0
2021-02-08,11.0,0.0,11.0
2021-02-09,1.0,0.0,1.0
2021-02-10,3.0,0.0,3.0
2021-02-14,1.0,0.0,1.0
2021-02-17,52.0,1.0,53.0
2021-02-18,38.0,0.0,38.0
2021-02-19,9.0,0.0,9.0
2021-02-20,5.0,0.0,5.0
2021-02-21,1.0,0.0,1.0
2021-02-22,1.0,0.0,1.0
2021-02-23,7.0,0.0,7.0
2021-02-24,5.0,0.0,5.0
2021-02-25,1.0,0.0,1.0
2021-03-01,103.0,1.0,104.0
2021-03-02,29.0,0.0,29.0
2021-03-03,6.0,0.0,6.0
2021-03-05,3.0,0.0,3.0
2021-03-06,3.0,0.0,3.0
2021-03-07,1.0,0.0,1.0
2021-03-08,5.0,0.0,5.0
2021-03-09,1.0,0.0,1.0
2021-03-11,2.0,0.0,2.0
2021-03-12,3.0,0.0,3.0
2021-03-20,1.0,0.0,1.0
2021-03-24,6.0,1.0,7.0
2021-03-25,44.0,0.0,44.0
2021-03-26,3.0,0.0,3.0
2021-03-28,1.0,0.0,1.0
2021-03-29,1.0,0.0,1.0
2021-04-06,117.0,1.0,118.0
2021-04-07,36.0,0.0,36.0
2021-04-08,10.0,0.0,10.0
2021-04-09,5.0,0.0,5.0
2021-04-10,3.0,0.0,3.0
2021-04-12,1.0,0.0,1.0
2021-04-14,35.0,1.0,36.0
2021-04-15,129.0,0.0,129.0
2021-04-16,6.0,0.0,6.0
2021-04-17,2.0,0.0,2.0
2021-04-18,14.0,0.0,14.0
2021-04-20,2.0,0.0,2.0
2021-04-23,3.0,0.0,3.0
2021-04-30,1.0,0.0,1.0
2021-05-01,92.0,1.0,93.0
2021-05-02,245.0,1.0,246.0
2021-05-03,25.0,0.0,25.0
2021-05-04,14.0,0.0,14.0
2021-05-05,1.0,0.0,1.0
2021-05-06,15.0,0.0,15.0
2021-05-09,40.0,1.0,41.0
2021-05-10,117.0,1.0,118.0
2021-05-11,502.0,6.0,508.0
2021-05-12,1377.0,5.0,1382.0
2021-05-13,1077.0,3.0,1080.0
2021-05-14,223.0,0.0,223.0
2021-05-15,685.0,2.0,687.0
2021-05-16,1138.0,7.0,1145.0
2021-05-17,1601.0,3.0,1604.0
2021-05-18,1005.0,4.0,1009.0
2021-05-19,433.0,2.0,435.0
2021-05-20,357.0,2.0,359.0
2021-05-21,999.0,6.0,1005.0
2021-05-22,375.0,1.0,376.0
2021-05-23,328.0,3.0,331.0
2021-05-24,378.0,1.0,379.0
2021-05-25,414.0,3.0,417.0
2021-05-26,994.0,2.0,996.0
2021-05-27,326.0,1.0,327.0
2021-05-28,88.0,0.0,88.0
2021-05-29,54.0,1.0,55.0
2021-05-30,647.0,3.0,650.0
2021-05-31,434.0,2.0,436.0
2021-06-01,495.0,2.0,497.0
2021-06-02,182.0,1.0,183.0
2021-06-03,209.0,1.0,210.0
2021-06-04,171.0,1.0,172.0
2021-06-05,483.0,3.0,486.0
2021-06-06,245.0,1.0,246.0
2021-06-07,249.0,1.0,250.0
2021-06-08,133.0,1.0,134.0
2021-06-09,961.0,4.0,965.0
2021-06-10,398.0,0.0,398.0
2021-06-11,281.0,1.0,282.0
2021-06-12,183.0,0.0,183.0
2021-06-13,477.0,3.0,480.0
2021-06-14,580.0,2.0,582.0
2021-06-15,164.0,1.0,165.0
2021-06-16,226.0,1.0,227.0
2021-06-17,317.0,1.0,318.0
2021-06-18,402.0,2.0,404.0
2021-06-19,355.0,1.0,356.0
2021-06-20,307.0,2.0,309.0
2021-06-21,98.0,0.0,98.0
2021-06-22,55.0,1.0,56.0
2021-06-23,270.0,1.0,271.0
2021-06-24,84.0,0.0,84.0
2021-06-25,29.0,0.0,29.0
2021-06-26,21.0,0.0,21.0
2021-06-27,326.0,1.0,327.0
2021-06-28,154.0,0.0,154.0
2021-06-29,25.0,0.0,25.0
2021-06-30,111.0,1.0,112.0
2021-07-01,37.0,0.0,37.0
2021-07-02,167.0,1.0,168.0
2021-07-03,408.0,3.0,411.0
2021-07-04,285.0,1.0,286.0
2021-07-05,100.0,0.0,100.0
2021-07-06,316.0,1.0,317.0
2021-07-07,221.0,1.0,222.0
2021-07-08,371.0,0.0,371.0
2021-07-09,33.0,0.0,33.0
2021-07-10,17.0,0.0,17.0
2021-07-11,194.0,1.0,195.0
2021-07-12,31.0,0.0,31.0
2021-07-13,8.0,0.0,8.0
2021-07-14,8.0,0.0,8.0
2021-07-15,267.0,1.0,268.0
2021-07-16,109.0,0.0,109.0
2021-07-17,8.0,0.0,8.0
2021-07-18,244.0,1.0,245.0
2021-07-19,151.0,0.0,151.0
2021-07-20,29.0,0.0,29.0
2021-07-21,161.0,1.0,162.0
2021-07-22,36.0,0.0,36.0
2021-07-23,6.0,0.0,6.0
2021-07-24,25.0,0.0,25.0
2021-07-25,17.0,0.0,17.0
2021-07-26,347.0,2.0,349.0
2021-07-27,376.0,0.0,376.0
2021-07-28,90.0,0.0,90.0
2021-07-29,253.0,1.0,254.0
2021-07-30,113.0,0.0,113.0
2021-07-31,17.0,0.0,17.0
2021-08-01,8.0,0.0,8.0
2021-08-02,4.0,0.0,4.0
2021-08-03,5.0,0.0,5.0
2021-08-04,1.0,0.0,1.0
2021-08-05,7.0,0.0,7.0
2021-08-06,104.0,1.0,105.0
2021-08-07,83.0,0.0,83.0
2021-08-08,16.0,0.0,16.0
2021-08-09,27.0,0.0,27.0
2021-08-10,19.0,0.0,19.0
2021-08-11,4.0,0.0,4.0
2021-08-12,4.0,0.0,4.0
2021-08-13,2.0,0.0,2.0
2021-08-14,5.0,0.0,5.0
2021-08-16,168.0,1.0,169.0
2021-08-17,146.0,0.0,146.0
2021-08-18,3.0,0.0,3.0
2021-08-19,10.0,0.0,10.0
2021-08-20,4.0,0.0,4.0
2021-08-21,2.0,0.0,2.0
2021-08-22,441.0,1.0,442.0
2021-08-23,60.0,0.0,60.0
2021-08-24,10.0,1.0,11.0
2021-08-25,32.0,0.0,32.0
2021-08-26,4.0,0.0,4.0
2021-08-27,2.0,0.0,2.0
2021-08-28,7.0,0.0,7.0
2021-08-29,2.0,0.0,2.0
2021-09-04,2.0,0.0,2.0
2021-09-05,1.0,0.0,1.0
2021-09-06,1.0,0.0,1.0
2021-09-07,3.0,0.0,3.0
2021-09-08,1.0,0.0,1.0
2021-09-09,1.0,0.0,1.0
2021-09-12,207.0,1.0,208.0
2021-09-13,61.0,0.0,61.0
2021-09-14,13.0,0.0,13.0
2021-09-15,3.0,0.0,3.0
2021-09-16,1.0,0.0,1.0
2021-09-17,2.0,0.0,2.0
2021-09-19,1.0,0.0,1.0
2021-09-20,3.0,0.0,3.0
2021-09-21,7.0,0.0,7.0
2021-09-22,133.0,1.0,134.0
2021-09-23,90.0,0.0,90.0
2021-09-24,15.0,0.0,15.0
2021-09-25,111.0,1.0,112.0
2021-09-26,42.0,0.0,42.0
2021-09-27,11.0,0.0,11.0
2021-09-28,5.0,0.0,5.0
2021-09-29,10.0,0.0,10.0
2021-09-30,8.0,0.0,8.0
2021-10-01,1.0,0.0,1.0
2021-10-02,1.0,0.0,1.0
2021-10-03,2.0,0.0,2.0
2021-10-04,237.0,1.0,238.0
2021-10-05,193.0,0.0,193.0
2021-10-06,29.0,0.0,29.0
2021-10-07,11.0,0.0,11.0
2021-10-08,21.0,0.0,21.0
2021-10-09,7.0,0.0,7.0
2021-10-10,12.0,0.0,12.0
2021-10-11,7.0,0.0,7.0
2021-10-12,4.0,0.0,4.0
2021-10-13,36.0,1.0,37.0
2021-10-14,85.0,0.0,85.0
2021-10-15,20.0,0.0,20.0
2021-10-16,3.0,0.0,3.0
2021-10-17,5.0,0.0,5.0
2021-10-18,6.0,0.0,6.0
2021-10-19,7.0,0.0,7.0
2021-10-20,2.0,0.0,2.0
2021-10-21,2.0,0.0,2.0
2021-10-22,9.0,0.0,9.0
2021-10-23,20.0,0.0,20.0
2021-10-24,6.0,0.0,6.0
2021-10-28,15.0,0.0,15.0
2021-10-29,1.0,0.0,1.0
2021-10-31,1.0,0.0,1.0
2021-11-01,1.0,0.0,1.0
2021-11-02,3.0,0.0,3.0
2021-11-03,3.0,0.0,3.0
2021-11-04,5.0,0.0,5.0
2021-11-05,5.0,0.0,5.0
2021-11-06,2.0,0.0,2.0
2021-11-07,3.0,0.0,3.0
2021-11-08,1.0,0.0,1.0
2021-11-09,3.0,0.0,3.0
2021-11-11,5.0,0.0,5.0
2021-11-12,5.0,0.0,5.0
2021-11-13,1.0,0.0,1.0
2021-11-19,90.0,1.0,91.0
2021-11-20,28.0,0.0,28.0
2021-11-21,183.0,1.0,184.0
2021-11-22,113.0,0.0,113.0
2021-11-23,59.0,0.0,59.0
2021-11-24,45.0,0.0,45.0
2021-11-25,6.0,0.0,6.0
2021-11-26,11.0,0.0,11.0
2021-11-27,7.0,0.0,7.0
2021-11-28,7.0,0.0,7.0
2021-11-29,2.0,0.0,2.0
2021-12-01,1.0,0.0,1.0
2021-12-02,11.0,0.0,11.0
2021-12-03,2.0,0.0,2.0
2021-12-04,1.0,0.0,1.0
2021-12-06,11.0,0.0,11.0
2021-12-07,5.0,0.0,5.0
2021-12-08,1.0,0.0,1.0
2021-12-09,4.0,0.0,4.0
2021-12-10,2.0,0.0,2.0
2021-12-11,1.0,0.0,1.0
2021-12-13,3.0,0.0,3.0
2021-12-16,1.0,0.0,1.0
2021-12-18,5.0,0.0,5.0
2021-12-20,1.0,0.0,1.0
2021-12-21,4.0,0.0,4.0
2021-12-22,1.0,0.0,1.0
2022-01-09,1.0,0.0,1.0
2022-01-13,1.0,0.0,1.0
2022-01-17,43.0,1.0,44.0
2022-01-18,67.0,0.0,67.0
2022-01-19,27.0,0.0,27.0
2022-01-20,17.0,0.0,17.0
2022-01-21,5.0,0.0,5.0
2022-01-24,2.0,0.0,2.0
2022-01-25,5.0,0.0,5.0
2022-01-28,2.0,0.0,2.0
2022-01-29,8.0,0.0,8.0
2022-01-30,5.0,0.0,5.0
2022-01-31,1.0,0.0,1.0
2022-02-01,31.0,1.0,32.0
2022-02-02,110.0,0.0,110.0
2022-02-03,16.0,0.0,16.0
2022-02-04,2.0,0.0,2.0
2022-02-07,1.0,0.0,1.0
2022-02-08,1.0,0.0,1.0
2022-02-09,4.0,0.0,4.0
2022-02-11,2.0,0.0,2.0
2022-02-13,1.0,0.0,1.0
2022-02-16,1.0,0.0,1.0
2022-02-17,2.0,0.0,2.0
2022-02-18,7.0,0.0,7.0
2022-02-20,4.0,0.0,4.0
2022-02-21,1.0,0.0,1.0
2022-02-22,9.0,0.0,9.0
2022-02-24,1.0,0.0,1.0
2022-02-25,33.0,1.0,34.0
2022-02-26,337.0,1.0,338.0
2022-02-27,67.0,0.0,67.0
2022-02-28,12.0,0.0,12.0
2022-03-01,10.0,0.0,10.0
2022-03-03,5.0,0.0,5.0
2022-03-04,6.0,0.0,6.0
2022-03-05,4.0,0.0,4.0
2022-03-06,1.0,0.0,1.0
2022-03-07,2.0,0.0,2.0
2022-03-08,161.0,1.0,162.0
2022-03-09,29.0,0.0,29.0
2022-03-10,24.0,0.0,24.0
2022-03-11,24.0,0.0,24.0
2022-03-12,13.0,0.0,13.0
2022-03-13,6.0,0.0,6.0
2022-03-14,7.0,0.0,7.0
2022-03-15,7.0,0.0,7.0
2022-03-16,9.0,0.0,9.0
2022-03-17,8.0,0.0,8.0
2022-03-22,1.0,0.0,1.0
2022-03-23,1.0,0.0,1.0
2022-03-24,1.0,0.0,1.0
2022-03-26,2.0,0.0,2.0
2022-03-27,51.0,1.0,52.0
2022-03-28,168.0,0.0,168.0
2022-03-29,22.0,0.0,22.0
2022-03-30,186.0,1.0,187.0
2022-03-31,108.0,0.0,108.0
2022-04-01,6.0,0.0,6.0
2022-04-02,1.0,0.0,1.0
2022-04-03,4.0,0.0,4.0
2022-04-05,8.0,0.0,8.0
2022-04-06,1.0,0.0,1.0
2022-04-08,21.0,0.0,21.0
2022-04-09,2.0,0.0,2.0
2022-04-11,6.0,0.0,6.0
2022-04-12,6.0,0.0,6.0
2022-04-14,26.0,0.0,26.0
2022-04-15,31.0,0.0,31.0
2022-04-16,59.0,1.0,60.0
2022-04-17,86.0,1.0,87.0
2022-04-18,63.0,0.0,63.0
2022-04-19,18.0,0.0,18.0
2022-04-20,23.0,0.0,23.0
2022-04-21,17.0,0.0,17.0
2022-04-22,9.0,0.0,9.0
2022-04-23,3.0,0.0,3.0
2022-04-24,5.0,0.0,5.0
2022-04-26,2.0,0.0,2.0
2022-04-27,1.0,0.0,1.0
2022-04-28,1.0,0.0,1.0
2022-04-29,2.0,0.0,2.0
2022-04-30,2.0,0.0,2.0
2022-05-02,1.0,0.0,1.0
2022-05-07,373.0,2.0,375.0
2022-05-08,179.0,0.0,179.0
2022-05-09,35.0,0.0,35.0
2022-05-10,35.0,0.0,35.0
2022-05-11,13.0,0.0,13.0
2022-05-12,2.0,0.0,2.0
2022-05-13,542.0,1.0,543.0
2022-05-14,15.0,0.0,15.0
2022-05-15,1.0,0.0,1.0
2022-05-16,43.0,1.0,44.0
2022-05-17,181.0,0.0,181.0
2022-05-18,44.0,0.0,44.0
2022-05-19,24.0,0.0,24.0
2022-05-20,253.0,1.0,254.0
2022-05-21,249.0,1.0,250.0
2022-05-22,65.0,0.0,65.0
2022-05-23,64.0,1.0,65.0
2022-05-24,115.0,0.0,115.0
2022-05-25,45.0,0.0,45.0
2022-05-26,8.0,0.0,8.0
2022-05-27,5.0,0.0,5.0
2022-05-28,9.0,0.0,9.0
2022-05-29,7.0,0.0,7.0
2022-05-30,4.0,0.0,4.0
2022-05-31,4.0,0.0,4.0
2022-06-01,122.0,1.0,123.0
2022-06-02,125.0,0.0,125.0
2022-06-03,202.0,1.0,203.0
2022-06-04,47.0,0.0,47.0
2022-06-05,186.0,1.0,187.0
2022-06-06,86.0,0.0,86.0
2022-06-07,25.0,0.0,25.0
2022-06-08,56.0,0.0,56.0
2022-06-09,12.0,0.0,12.0
2022-06-10,9.0,0.0,9.0
2022-06-11,49.0,1.0,50.0
2022-06-12,306.0,0.0,306.0
2022-06-13,133.0,0.0,133.0
2022-06-14,31.0,0.0,31.0
2022-06-15,9.0,0.0,9.0
2022-06-16,11.0,0.0,11.0
2022-06-17,11.0,0.0,11.0
2022-06-18,18.0,0.0,18.0
2022-06-19,3.0,0.0,3.0
2022-06-20,4.0,0.0,4.0
2022-06-21,1.0,0.0,1.0
2022-06-22,16.0,0.0,16.0
2022-06-23,16.0,0.0,16.0
2022-06-24,9.0,0.0,9.0
2022-06-27,3.0,0.0,3.0
2022-06-28,4.0,0.0,4.0
2022-06-29,2.0,0.0,2.0
2022-07-01,9.0,0.0,9.0
2022-07-02,2.0,0.0,2.0
2022-07-03,6.0,0.0,6.0
2022-07-05,1.0,0.0,1.0
2022-07-07,26.0,1.0,27.0
2022-07-08,24.0,0.0,24.0
2022-07-09,8.0,0.0,8.0
2022-07-10,7.0,0.0,7.0
2022-07-11,1.0,0.0,1.0
2022-07-19,65.0,1.0,66.0
2022-07-20,71.0,0.0,71.0
2022-07-21,4.0,0.0,4.0
2022-07-22,168.0,1.0,169.0
2022-07-23,143.0,1.0,144.0
2022-07-24,219.0,0.0,219.0
2022-07-25,30.0,0.0,30.0
2022-07-26,2.0,0.0,2.0
2022-07-27,20.0,0.0,20.0
2022-07-28,3.0,0.0,3.0
2022-07-29,6.0,0.0,6.0
2022-07-30,5.0,0.0,5.0
2022-07-31,25.0,0.0,25.0
2022-08-01,7.0,0.0,7.0
2022-08-03,1.0,0.0,1.0
2022-08-05,4.0,0.0,4.0
2022-08-06,224.0,1.0,225.0
2022-08-07,427.0,1.0,428.0
2022-08-08,59.0,0.0,59.0
2022-08-09,11.0,0.0,11.0
2022-08-10,8.0,0.0,8.0
2022-08-11,19.0,0.0,19.0
2022-08-12,1.0,0.0,1.0
2022-08-13,1.0,0.0,1.0
2022-08-14,4.0,0.0,4.0
2022-08-15,1.0,0.0,1.0
2022-08-16,2.0,0.0,2.0
2022-08-17,1.0,0.0,1.0
2022-08-18,2.0,0.0,2.0
2022-08-20,3.0,0.0,3.0
2022-08-21,2.0,0.0,2.0
2022-08-22,50.0,1.0,51.0
2022-08-23,130.0,0.0,130.0
2022-08-24,29.0,0.0,29.0
2022-08-25,15.0,0.0,15.0
2022-08-27,1.0,0.0,1.0
2022-08-28,4.0,0.0,4.0
2022-08-30,1.0,0.0,1.0
2022-08-31,1.0,0.0,1.0
2022-09-01,6.0,0.0,6.0
2022-09-02,5.0,0.0,5.0
2022-09-03,4.0,0.0,4.0
2022-09-04,5.0,0.0,5.0
2022-09-05,1.0,0.0,1.0
2022-09-07,3.0,0.0,3.0
2022-09-08,4.0,0.0,4.0
2022-09-09,200.0,1.0,201.0
2022-09-10,170.0,0.0,170.0
2022-09-11,20.0,0.0,20.0
2022-09-12,3.0,0.0,3.0
2022-09-13,3.0,0.0,3.0
2022-09-14,10.0,0.0,10.0
2022-09-15,1.0,0.0,1.0
2022-09-16,2.0,0.0,2.0
2022-09-18,3.0,0.0,3.0
2022-09-20,2.0,0.0,2.0
2022-09-23,1.0,0.0,1.0
2022-09-25,5.0,0.0,5.0
2022-09-27,1.0,0.0,1.0
2022-09-28,2.0,0.0,2.0
2022-09-29,3.0,0.0,3.0
2022-10-01,3.0,0.0,3.0
2022-10-02,1.0,0.0,1.0
2022-10-05,1.0,0.0,1.0
2022-10-09,1.0,0.0,1.0
2022-10-10,2.0,0.0,2.0
2022-10-14,18.0,1.0,19.0
2022-10-15,48.0,0.0,48.0
2022-10-16,6.0,0.0,6.0
2022-10-17,5.0,0.0,5.0
2022-11-07,1.0,0.0,1.0
2022-11-08,6.0,0.0,6.0
2022-11-09,1.0,0.0,1.0
2022-12-04,6.0,1.0,7.0
2022-12-05,81.0,0.0,81.0
2022-12-06,3.0,0.0,3.0
2022-12-07,1.0,0.0,1.0
2022-12-10,3.0,0.0,3.0
2023-01-03,33.0,1.0,34.0
2023-01-04,39.0,0.0,39.0
2023-01-05,2.0,0.0,2.0
2023-01-06,2.0,0.0,2.0
2023-01-12,2.0,0.0,2.0
2023-01-13,1.0,0.0,1.0
2023-01-16,1.0,0.0,1.0
2023-01-17,1.0,0.0,1.0
2023-01-21,186.0,1.0,187.0
2023-01-22,27.0,0.0,27.0
2023-01-23,3.0,0.0,3.0
2023-01-24,2.0,0.0,2.0
2023-01-25,2.0,0.0,2.0
2023-01-26,1.0,0.0,1.0
2023-01-27,1.0,0.0,1.0
2023-01-30,2.0,0.0,2.0
2023-01-31,143.0,1.0,144.0
2023-02-01,73.0,0.0,73.0
2023-02-02,6.0,0.0,6.0
2023-02-03,8.0,0.0,8.0
2023-02-04,12.0,0.0,12.0
2023-02-06,5.0,0.0,5.0
2023-02-08,4.0,0.0,4.0
2023-02-10,3.0,0.0,3.0
2023-02-11,4.0,0.0,4.0
2023-02-12,2.0,0.0,2.0
2023-02-13,1.0,0.0,1.0
2023-02-15,2.0,0.0,2.0
2023-02-16,2.0,0.0,2.0
2023-02-17,3.0,0.0,3.0
2023-02-20,2.0,0.0,2.0
2023-02-22,2.0,0.0,2.0
2023-02-23,6.0,0.0,6.0
2023-02-24,22.0,0.0,22.0
2023-02-25,1.0,0.0,1.0
2023-02-26,2.0,0.0,2.0
2023-02-27,132.0,1.0,133.0
2023-02-28,161.0,0.0,161.0
2023-03-01,13.0,0.0,13.0
2023-03-02,6.0,0.0,6.0
2023-03-03,3.0,0.0,3.0
2023-03-04,1.0,0.0,1.0
2023-03-05,2.0,0.0,2.0
2023-03-06,3.0,0.0,3.0
2023-03-07,4.0,0.0,4.0
2023-03-08,1.0,0.0,1.0
2023-03-09,2.0,0.0,2.0
2023-03-12,6.0,0.0,6.0
2023-03-14,1.0,0.0,1.0
2023-03-18,1.0,0.0,1.0
2023-03-19,1.0,0.0,1.0
2023-03-21,2.0,0.0,2.0
2023-03-22,1.0,0.0,1.0
2023-03-27,4.0,0.0,4.0
2023-04-08,2.0,0.0,2.0
2023-04-09,1.0,0.0,1.0
2023-04-16,1.0,0.0,1.0
2023-04-19,59.0,1.0,60.0
2023-04-20,91.0,0.0,91.0
2023-04-21,2.0,0.0,2.0
2023-04-22,7.0,0.0,7.0
2023-04-23,1.0,0.0,1.0
2023-04-24,5.0,0.0,5.0
2023-04-25,6.0,0.0,6.0
2023-04-26,1.0,0.0,1.0
2023-04-29,176.0,1.0,177.0
2023-04-30,253.0,1.0,254.0
2023-05-01,79.0,0.0,79.0
2023-05-02,9.0,0.0,9.0
2023-05-03,5.0,0.0,5.0
2023-05-04,2.0,0.0,2.0
2023-05-05,2.0,0.0,2.0
2023-05-06,117.0,1.0,118.0
2023-05-07,72.0,0.0,72.0
2023-05-08,34.0,0.0,34.0
2023-05-09,1.0,0.0,1.0
2023-05-10,3.0,0.0,3.0
2023-05-13,3.0,0.0,3.0
2023-05-15,1.0,0.0,1.0
2023-05-16,1.0,0.0,1.0
2023-05-17,2.0,0.0,2.0
2023-05-18,10.0,0.0,10.0
2023-05-19,5.0,0.0,5.0
2023-05-20,6.0,0.0,6.0
2023-05-23,238.0,1.0,239.0
2023-05-24,97.0,0.0,97.0
2023-05-25,16.0,0.0,16.0
2023-05-26,6.0,0.0,6.0
2023-05-27,7.0,0.0,7.0
2023-05-28,31.0,0.0,31.0
2023-05-29,283.0,1.0,284.0
2023-05-30,114.0,0.0,114.0
2023-05-31,17.0,0.0,17.0
2023-06-01,17.0,0.0,17.0
2023-06-02,3.0,0.0,3.0
2023-06-03,3.0,0.0,3.0
2023-06-04,10.0,0.0,10.0
2023-06-05,6.0,0.0,6.0
2023-06-06,1.0,0.0,1.0
2023-06-07,4.0,0.0,4.0
2023-06-08,20.0,0.0,20.0
2023-06-09,17.0,0.0,17.0
2023-06-10,72.0,1.0,73.0
2023-06-11,57.0,0.0,57.0
2023-06-12,31.0,0.0,31.0
2023-06-13,7.0,0.0,7.0
2023-06-14,1.0,0.0,1.0
2023-06-15,18.0,0.0,18.0
2023-06-16,12.0,0.0,12.0
2023-06-17,6.0,0.0,6.0
2023-06-18,10.0,0.0,10.0
2023-06-19,29.0,0.0,29.0
2023-06-20,1.0,0.0,1.0
2023-06-21,6.0,0.0,6.0
2023-06-23,1.0,0.0,1.0
2023-06-24,2.0,0.0,2.0
2023-06-26,17.0,0.0,17.0
2023-06-27,5.0,0.0,5.0
2023-06-29,1.0,0.0,1.0
2023-07-07,4.0,0.0,4.0
2023-07-08,2.0,0.0,2.0
2023-07-12,1.0,0.0,1.0
2023-07-13,3.0,0.0,3.0
2023-07-14,375.0,1.0,376.0
2023-07-15,118.0,0.0,118.0
2023-07-23,45.0,1.0,46.0
2023-07-24,80.0,0.0,80.0
2023-07-25,17.0,0.0,17.0
2023-07-26,31.0,0.0,31.0
2023-08-01,2.0,0.0,2.0
2023-08-09,1.0,0.0,1.0
2023-08-11,38.0,1.0,39.0
2023-08-12,133.0,0.0,133.0
2023-08-13,45.0,0.0,45.0
2023-08-14,9.0,0.0,9.0
2023-08-15,9.0,0.0,9.0
2023-08-16,8.0,0.0,8.0
2023-08-17,5.0,0.0,5.0
2023-08-18,13.0,0.0,13.0
2023-08-19,2.0,0.0,2.0
2023-08-20,2.0,0.0,2.0
2023-08-21,4.0,0.0,4.0
2023-08-22,4.0,0.0,4.0
2023-08-23,1.0,0.0,1.0
2023-08-24,7.0,0.0,7.0
2023-08-26,1.0,0.0,1.0
2023-08-27,3.0,0.0,3.0
2023-08-28,6.0,0.0,6.0
2023-08-29,8.0,0.0,8.0
2023-08-30,2.0,0.0,2.0
2023-08-31,1.0,0.0,1.0
2023-09-02,3.0,0.0,3.0
2023-09-05,1.0,0.0,1.0
2023-09-08,3.0,0.0,3.0
2023-09-10,1.0,0.0,1.0
2023-09-11,2.0,1.0,3.0
2023-09-12,117.0,0.0,117.0
2023-09-13,18.0,0.0,18.0
2023-09-14,10.0,0.0,10.0
2023-09-15,6.0,0.0,6.0
2023-09-18,2.0,0.0,2.0
2023-09-19,1.0,0.0,1.0
2023-09-20,1.0,0.0,1.0
2023-10-04,1.0,0.0,1.0
2023-10-05,2.0,0.0,2.0
2023-10-06,3.0,0.0,3.0
2023-10-07,1761.0,9.0,1770.0
2023-10-08,2366.0,9.0,2375.0
2023-10-09,1578.0,16.0,1594.0
2023-10-10,2475.0,10.0,2485.0
2023-10-11,3065.0,11.0,3076.0
2023-10-12,2755.0,6.0,2761.0
2023-10-13,2568.0,7.0,2575.0
2023-10-14,2328.0,6.0,2334.0
2023-10-15,2814.0,11.0,2825.0
2023-10-16,2837.0,5.0,2842.0
2023-10-17,2363.0,7.0,2370.0
2023-10-18,3734.0,8.0,3742.0
2023-10-19,1354.0,2.0,1356.0
2023-10-20,1144.0,4.0,1148.0
2023-10-21,1129.0,2.0,1131.0
2023-10-22,2034.0,7.0,2041.0
2023-10-23,2861.0,7.0,2868.0
2023-10-24,1990.0,5.0,1995.0
2023-10-25,2197.0,3.0,2200.0
2023-10-26,750.0,1.0,751.0
2023-10-27,1244.0,5.0,1249.0
2023-10-28,2082.0,5.0,2087.0
2023-10-29,2568.0,9.0,2577.0
2023-10-30,3659.0,8.0,3667.0
2023-10-31,1761.0,2.0,1763.0
2023-11-01,2249.0,7.0,2256.0
2023-11-02,1827.0,5.0,1832.0
2023-11-03,1277.0,2.0,1279.0
2023-11-04,1499.0,4.0,1503.0
2023-11-05,1863.0,3.0,1866.0
2023-11-06,2005.0,5.0,2010.0
2023-11-07,1163.0,1.0,1164.0
2023-11-08,1448.0,6.0,1454.0
2023-11-09,1676.0,5.0,1681.0
2023-11-10,1612.0,3.0,1615.0
2023-11-11,1407.0,3.0,1410.0
2023-11-12,1798.0,6.0,1804.0
2023-11-13,1185.0,1.0,1186.0
2023-11-14,1215.0,4.0,1219.0
2023-11-15,1660.0,4.0,1664.0
2023-11-16,1594.0,2.0,1596.0
2023-11-17,1743.0,7.0,1750.0
2023-11-18,996.0,2.0,998.0
2023-11-19,1064.0,4.0,1068.0
2023-11-20,1757.0,4.0,1761.0
2023-11-21,1733.0,4.0,1737.0
2023-11-22,648.0,1.0,649.0
2023-11-23,284.0,1.0,285.0
2023-11-24,752.0,3.0,755.0
2023-11-25,1038.0,3.0,1041.0
2023-11-26,1239.0,2.0,1241.0
2023-11-27,727.0,3.0,730.0
2023-11-28,976.0,3.0,979.0
2023-11-29,1832.0,4.0,1836.0
2023-11-30,1450.0,3.0,1453.0
2023-12-01,1461.0,3.0,1464.0
2023-12-02,1216.0,3.0,1219.0
2023-12-03,1028.0,3.0,1031.0
2023-12-04,1293.0,4.0,1297.0
2023-12-05,1673.0,3.0,1676.0
2023-12-06,1490.0,2.0,1492.0
2023-12-07,672.0,2.0,674.0
2023-12-08,756.0,2.0,758.0
2023-12-09,1057.0,2.0,1059.0
2023-12-10,744.0,2.0,746.0
2023-12-11,774.0,3.0,777.0
2023-12-12,887.0,1.0,888.0
2023-12-13,1202.0,4.0,1206.0
2023-12-14,690.0,0.0,690.0
2023-12-15,761.0,2.0,763.0
2023-12-16,267.0,0.0,267.0
2023-12-17,282.0,1.0,283.0
2023-12-18,960.0,3.0,963.0
2023-12-19,844.0,1.0,845.0
2023-12-20,797.0,4.0,801.0
2023-12-21,414.0,0.0,414.0
2023-12-22,107.0,0.0,107.0
2023-12-23,181.0,1.0,182.0
2023-12-24,271.0,1.0,272.0
2023-12-25,144.0,0.0,144.0
2023-12-26,49.0,0.0,49.0
2023-12-27,591.0,2.0,593.0
2023-12-28,877.0,3.0,880.0
2023-12-29,796.0,2.0,798.0
2023-12-30,786.0,2.0,788.0
2023-12-31,564.0,2.0,566.0
2024-01-01,762.0,2.0,764.0
2024-01-02,655.0,1.0,656.0
2024-01-03,592.0,2.0,594.0
2024-01-04,838.0,1.0,839.0
2024-01-05,208.0,0.0,208.0
2024-01-06,45.0,0.0,45.0
2024-01-07,131.0,1.0,132.0
2024-01-08,656.0,2.0,658.0
2024-01-09,707.0,1.0,708.0
2024-01-10,400.0,1.0,401.0
2024-01-11,467.0,1.0,468.0
2024-01-12,320.0,0.0,320.0
2024-01-13,92.0,1.0,93.0
2024-01-14,418.0,2.0,420.0
2024-01-15,830.0,2.0,832.0
2024-01-16,413.0,0.0,413.0
2024-01-17,122.0,0.0,122.0
2024-01-18,27.0,0.0,27.0
2024-01-19,197.0,1.0,198.0
2024-01-20,397.0,1.0,398.0
2024-01-21,178.0,1.0,179.0
2024-01-22,363.0,2.0,365.0
2024-01-23,712.0,1.0,713.0
2024-01-24,116.0,0.0,116.0
2024-01-25,39.0,0.0,39.0
2024-01-26,55.0,0.0,55.0
2024-01-27,178.0,1.0,179.0
2024-01-28,635.0,2.0,637.0
2024-01-29,439.0,2.0,441.0
2024-01-30,695.0,2.0,697.0
2024-01-31,1111.0,2.0,1113.0
2024-02-01,196.0,0.0,196.0
2024-02-02,114.0,1.0,115.0
2024-02-03,344.0,1.0,345.0
2024-02-04,256.0,1.0,257.0
2024-02-05,62.0,0.0,62.0
2024-02-06,515.0,2.0,517.0
2024-02-07,524.0,1.0,525.0
2024-02-08,440.0,2.0,442.0
2024-02-09,342.0,1.0,343.0
2024-02-10,360.0,2.0,362.0
2024-02-11,294.0,2.0,296.0
2024-02-12,805.0,3.0,808.0
2024-02-13,499.0,1.0,500.0
2024-02-14,583.0,2.0,585.0
2024-02-15,445.0,1.0,446.0
2024-02-16,167.0,0.0,167.0
2024-02-17,72.0,0.0,72.0
2024-02-18,150.0,1.0,151.0
2024-02-19,761.0,4.0,765.0
2024-02-20,698.0,2.0,700.0
2024-02-21,802.0,4.0,806.0
2024-02-22,593.0,1.0,594.0
2024-02-23,358.0,2.0,360.0
2024-02-24,403.0,2.0,405.0
2024-02-25,718.0,2.0,720.0
2024-02-26,1249.0,5.0,1254.0
2024-02-27,967.0,1.0,968.0
2024-02-28,620.0,2.0,622.0
2024-02-29,483.0,1.0,484.0
2024-03-01,434.0,2.0,436.0
2024-03-02,342.0,0.0,342.0
2024-03-03,437.0,3.0,440.0
2024-03-04,334.0,1.0,335.0
2024-03-05,82.0,1.0,83.0
2024-03-06,386.0,1.0,387.0
2024-03-07,474.0,3.0,477.0
2024-03-08,574.0,1.0,575.0
2024-03-09,261.0,1.0,262.0
2024-03-10,743.0,3.0,746.0
2024-03-11,688.0,1.0,689.0
2024-03-12,141.0,0.0,141.0
2024-03-13,55.0,0.0,55.0
2024-03-14,293.0,2.0,295.0
2024-03-15,364.0,1.0,365.0
2024-03-16,108.0,1.0,109.0
2024-03-17,400.0,3.0,403.0
2024-03-18,415.0,0.0,415.0
2024-03-19,419.0,2.0,421.0
2024-03-20,291.0,0.0,291.0
2024-03-21,219.0,1.0,220.0
2024-03-22,315.0,1.0,316.0
2024-03-23,371.0,1.0,372.0
2024-03-24,304.0,1.0,305.0
2024-03-25,291.0,2.0,293.0
2024-03-26,426.0,1.0,427.0
2024-03-27,305.0,1.0,306.0
2024-03-28,882.0,4.0,886.0
2024-03-29,745.0,1.0,746.0
2024-03-30,349.0,2.0,351.0
2024-03-31,325.0,1.0,326.0
2024-04-01,772.0,2.0,774.0
2024-04-02,751.0,2.0,753.0
2024-04-03,704.0,4.0,708.0
2024-04-04,1282.0,3.0,1285.0
2024-04-05,419.0,0.0,419.0
2024-04-06,541.0,3.0,544.0
2024-04-07,953.0,1.0,954.0
2024-04-08,552.0,2.0,554.0
2024-04-09,239.0,1.0,240.0
2024-04-10,523.0,1.0,524.0
2024-04-11,907.0,3.0,910.0
2024-04-12,615.0,2.0,617.0
2024-04-13,940.0,2.0,942.0
2024-04-14,1366.0,3.0,1369.0
2024-04-15,676.0,0.0,676.0
2024-04-16,617.0,3.0,620.0
2024-04-17,267.0,0.0,267.0
2024-04-18,391.0,3.0,394.0
2024-04-19,749.0,2.0,751.0
2024-04-20,367.0,0.0,367.0
2024-04-21,98.0,0.0,98.0
2024-04-22,311.0,1.0,312.0
2024-04-23,869.0,3.0,872.0
2024-04-24,815.0,1.0,816.0
2024-04-25,629.0,2.0,631.0
2024-04-26,416.0,1.0,417.0
2024-04-27,434.0,1.0,435.0
2024-04-28,202.0,1.0,203.0
2024-04-29,737.0,3.0,740.0
2024-04-30,436.0,2.0,438.0
2024-05-01,520.0,0.0,520.0
2024-05-02,310.0,2.0,312.0
2024-05-03,369.0,2.0,371.0
2024-05-04,398.0,2.0,400.0
2024-05-05,858.0,2.0,860.0
2024-05-06,430.0,0.0,430.0
2024-05-07,415.0,1.0,416.0
2024-05-08,162.0,0.0,162.0
2024-05-09,364.0,1.0,365.0
2024-05-10,140.0,0.0,140.0
2024-05-11,119.0,1.0,120.0
2024-05-12,348.0,0.0,348.0
2024-05-13,172.0,1.0,173.0
2024-05-14,485.0,1.0,486.0
2024-05-15,640.0,1.0,641.0
2024-05-16,236.0,1.0,237.0
2024-05-17,172.0,0.0,172.0
2024-05-18,203.0,2.0,205.0
2024-05-19,773.0,4.0,777.0
2024-05-20,291.0,0.0,291.0
2024-05-21,296.0,1.0,297.0
2024-05-22,284.0,2.0,286.0
2024-05-23,786.0,1.0,787.0
2024-05-24,263.0,0.0,263.0
2024-05-25,107.0,0.0,107.0
2024-05-26,104.0,1.0,105.0
2024-05-27,61.0,0.0,61.0
2024-05-28,779.0,4.0,783.0
2024-05-29,510.0,2.0,512.0
2024-05-30,687.0,2.0,689.0
2024-05-31,548.0,0.0,548.0
2024-06-01,261.0,1.0,262.0
2024-06-02,438.0,2.0,440.0
2024-06-03,438.0,1.0,439.0
2024-06-04,132.0,0.0,132.0
2024-06-05,47.0,0.0,47.0
2024-06-06,180.0,2.0,182.0
2024-06-07,228.0,0.0,228.0
2024-06-08,882.0,4.0,886.0
2024-06-09,1153.0,1.0,1154.0
2024-06-10,170.0,0.0,170.0
2024-06-11,298.0,1.0,299.0
2024-06-12,722.0,3.0,725.0
2024-06-13,926.0,2.0,928.0
2024-06-14,240.0,0.0,240.0
2024-06-15,81.0,0.0,81.0
2024-06-16,276.0,1.0,277.0
2024-06-17,297.0,1.0,298.0
2024-06-18,192.0,0.0,192.0
2024-06-19,89.0,0.0,89.0
2024-06-20,27.0,0.0,27.0
2024-06-21,109.0,1.0,110.0
2024-06-22,17.0,0.0,17.0
2024-06-23,333.0,1.0,334.0
2024-06-24,555.0,2.0,557.0
2024-06-25,488.0,1.0,489.0
2024-06-26,226.0,1.0,227.0
2024-06-27,370.0,1.0,371.0
2024-06-28,426.0,1.0,427.0
2024-06-29,241.0,1.0,242.0
2024-06-30,171.0,0.0,171.0
2024-07-01,56.0,0.0,56.0
2024-07-02,347.0,2.0,349.0
2024-07-03,724.0,2.0,726.0
2024-07-04,680.0,2.0,682.0
2024-07-05,489.0,1.0,490.0
2024-07-06,220.0,1.0,221.0
2024-07-07,263.0,0.0,263.0
2024-07-08,154.0,0.0,154.0
2024-07-09,69.0,0.0,69.0
2024-07-10,319.0,2.0,321.0
2024-07-11,309.0,1.0,310.0
2024-07-12,152.0,0.0,152.0
2024-07-13,94.0,0.0,94.0
2024-07-14,251.0,2.0,253.0
2024-07-15,241.0,1.0,242.0
2024-07-16,240.0,2.0,242.0
2024-07-17,289.0,0.0,289.0
2024-07-18,253.0,1.0,254.0
2024-07-19,208.0,0.0,208.0
2024-07-20,72.0,0.0,72.0
2024-07-21,69.0,0.0,69.0
2024-07-22,47.0,0.0,47.0
2024-07-23,12.0,0.0,12.0
2024-07-24,42.0,1.0,43.0
2024-07-25,120.0,1.0,121.0
2024-07-26,361.0,1.0,362.0
2024-07-27,168.0,1.0,169.0
2024-07-28,646.0,3.0,649.0
2024-07-29,544.0,1.0,545.0
2024-07-30,151.0,0.0,151.0
2024-07-31,591.0,2.0,593.0
2024-08-01,450.0,1.0,451.0
2024-08-02,118.0,0.0,118.0
2024-08-03,29.0,0.0,29.0
2024-08-04,28.0,0.0,28.0
2024-08-05,14.0,0.0,14.0
2024-08-06,16.0,0.0,16.0
2024-08-07,243.0,1.0,244.0
2024-08-08,373.0,2.0,375.0
2024-08-09,599.0,2.0,601.0
2024-08-10,283.0,0.0,283.0
2024-08-11,122.0,0.0,122.0
2024-08-12,57.0,0.0,57.0
2024-08-13,493.0,2.0,495.0
2024-08-14,389.0,1.0,390.0
2024-08-15,154.0,0.0,154.0
2024-08-16,242.0,1.0,243.0
2024-08-17,369.0,1.0,370.0
2024-08-18,205.0,1.0,206.0
2024-08-19,501.0,1.0,502.0
2024-08-20,75.0,0.0,75.0
2024-08-21,223.0,1.0,224.0
2024-08-22,202.0,1.0,203.0
2024-08-23,88.0,1.0,89.0
2024-08-24,645.0,2.0,647.0
2024-08-25,447.0,1.0,448.0
2024-08-26,177.0,1.0,178.0
2024-08-27,319.0,1.0,320.0
2024-08-28,331.0,1.0,332.0
2024-08-29,508.0,3.0,511.0
2024-08-30,436.0,0.0,436.0
2024-08-31,514.0,1.0,515.0
2024-09-01,447.0,2.0,449.0
2024-09-02,429.0,2.0,431.0
2024-09-03,149.0,1.0,150.0
2024-09-04,84.0,0.0,84.0
2024-09-05,60.0,1.0,61.0
2024-09-06,69.0,1.0,70.0
2024-09-07,37.0,0.0,37.0
2024-09-08,294.0,1.0,295.0
2024-09-09,89.0,0.0,89.0
2024-09-10,33.0,1.0,34.0
2024-09-11,17.0,0.0,17.0
2024-09-12,18.0,0.0,18.0
2024-09-13,12.0,0.0,12.0
2024-09-14,27.0,0.0,27.0
2024-09-15,14.0,0.0,14.0
2024-09-16,306.0,2.0,308.0
2024-09-17,454.0,1.0,455.0
2024-09-18,419.0,3.0,422.0
2024-09-19,227.0,0.0,227.0
2024-09-20,74.0,0.0,74.0
2024-09-21,111.0,1.0,112.0
2024-09-22,169.0,2.0,171.0
2024-09-23,255.0,1.0,256.0
2024-09-24,449.0,2.0,451.0
2024-09-25,761.0,3.0,764.0
2024-09-26,682.0,2.0,684.0
2024-09-27,976.0,2.0,978.0
2024-09-28,712.0,1.0,713.0
2024-09-29,353.0,2.0,355.0
2024-09-30,464.0,4.0,468.0
2024-10-01,701.0,3.0,704.0
2024-10-02,645.0,3.0,648.0
2024-10-03,421.0,2.0,423.0
2024-10-04,131.0,0.0,131.0
2024-10-05,430.0,3.0,433.0
2024-10-06,569.0,2.0,571.0
2024-10-07,573.0,3.0,576.0
2024-10-08,988.0,2.0,990.0
2024-10-09,343.0,2.0,345.0
2024-10-10,216.0,1.0,217.0
2024-10-11,63.0,0.0,63.0
2024-10-12,76.0,2.0,78.0
2024-10-13,136.0,2.0,138.0
2024-10-14,472.0,0.0,472.0
2024-10-15,129.0,1.0,130.0
2024-10-16,577.0,3.0,580.0
2024-10-17,548.0,1.0,549.0
2024-10-18,426.0,3.0,429.0
2024-10-19,257.0,0.0,257.0
2024-10-20,503.0,4.0,507.0
2024-10-21,762.0,3.0,765.0
2024-10-22,986.0,3.0,989.0
2024-10-23,767.0,3.0,770.0
2024-10-24,395.0,1.0,396.0
2024-10-25,479.0,3.0,482.0
2024-10-26,570.0,2.0,572.0
2024-10-27,527.0,1.0,528.0
2024-10-28,276.0,2.0,278.0
2024-10-29,476.0,2.0,478.0
2024-10-30,405.0,1.0,406.0
2024-10-31,398.0,2.0,400.0
2024-11-01,284.0,1.0,285.0
2024-11-02,60.0,0.0,60.0
2024-11-03,277.0,1.0,278.0
2024-11-04,594.0,3.0,597.0
2024-11-05,192.0,0.0,192.0
2024-11-06,374.0,2.0,376.0
2024-11-07,609.0,3.0,612.0
2024-11-08,531.0,2.0,533.0
2024-11-09,451.0,0.0,451.0
2024-11-10,258.0,1.0,259.0
2024-11-11,983.0,5.0,988.0
2024-11-12,776.0,0.0,776.0
2024-11-13,486.0,1.0,487.0
2024-11-14,348.0,3.0,351.0
2024-11-15,285.0,1.0,286.0
2024-11-16,406.0,4.0,410.0
2024-11-17,184.0,0.0,184.0
2024-11-18,176.0,3.0,179.0
2024-11-19,448.0,3.0,451.0
2024-11-20,282.0,0.0,282.0
2024-11-21,356.0,2.0,358.0
2024-11-22,78.0,0.0,78.0
2024-11-23,45.0,0.0,45.0
2024-11-24,402.0,5.0,407.0
2024-11-25,343.0,1.0,344.0
2024-11-26,157.0,1.0,158.0
2024-11-27,58.0,0.0,58.0
2024-11-28,33.0,0.0,33.0
2024-11-29,20.0,0.0,20.0
2024-11-30,88.0,2.0,90.0
2024-12-01,28.0,0.0,28.0
2024-12-02,14.0,1.0,15.0
2024-12-03,38.0,0.0,38.0
2024-12-04,218.0,3.0,221.0
2024-12-05,191.0,1.0,192.0
2024-12-06,175.0,1.0,176.0
2024-12-07,207.0,0.0,207.0
2024-12-08,495.0,3.0,498.0
2024-12-09,459.0,3.0,462.0
2024-12-10,199.0,1.0,200.0
2024-12-11,131.0,1.0,132.0
2024-12-12,136.0,2.0,138.0
2024-12-13,214.0,2.0,216.0
2024-12-14,125.0,1.0,126.0
2024-12-15,41.0,0.0,41.0
2024-12-16,161.0,2.0,163.0
2024-12-17,305.0,1.0,306.0
2024-12-18,296.0,2.0,298.0
2024-12-19,298.0,3.0,301.0
2024-12-20,369.0,0.0,369.0
2024-12-21,90.0,0.0,90.0
2024-12-22,70.0,0.0,70.0
2024-12-23,164.0,1.0,165.0
2024-12-24,48.0,0.0,48.0
2024-12-25,34.0,0.0,34.0
2024-12-26,569.0,4.0,573.0
2024-12-27,363.0,1.0,364.0
2024-12-28,177.0,3.0,180.0
2024-12-29,686.0,1.0,687.0
2024-12-30,203.0,0.0,203.0
2024-12-31,145.0,2.0,147.0
2025-01-01,276.0,1.0,277.0
2025-01-02,243.0,2.0,245.0
2025-01-03,597.0,2.0,599.0
2025-01-04,344.0,1.0,345.0
2025-01-05,118.0,0.0,118.0
2025-01-06,545.0,4.0,549.0
2025-01-07,329.0,0.0,329.0
2025-01-08,435.0,2.0,437.0
2025-01-09,238.0,2.0,240.0
2025-01-10,324.0,1.0,325.0
2025-01-11,183.0,0.0,183.0
2025-01-12,292.0,1.0,293.0
2025-01-13,420.0,2.0,422.0
2025-01-14,242.0,0.0,242.0
2025-01-15,78.0,0.0,78.0
2025-01-16,263.0,3.0,266.0
2025-01-17,280.0,1.0,281.0
2025-01-18,109.0,2.0,111.0
2025-01-19,813.0,3.0,816.0
2025-01-20,642.0,5.0,647.0
2025-01-21,661.0,3.0,664.0
2025-01-22,562.0,2.0,564.0
2025-01-23,177.0,0.0,177.0
2025-01-24,155.0,0.0,155.0
2025-01-25,265.0,1.0,266.0
2025-01-26,213.0,1.0,214.0
2025-01-27,536.0,3.0,539.0
2025-01-28,449.0,0.0,449.0
2025-01-29,337.0,2.0,339.0
2025-01-30,512.0,2.0,514.0
2025-01-31,195.0,0.0,195.0
2025-02-01,402.0,3.0,405.0
2025-02-02,592.0,2.0,594.0
2025-02-03,308.0,0.0,308.0
2025-02-04,401.0,4.0,405.0
2025-02-05,967.0,3.0,970.0
2025-02-06,665.0,3.0,668.0
2025-02-07,356.0,0.0,356.0
2025-02-08,396.0,1.0,397.0
2025-02-09,264.0,1.0,265.0
2025-02-10,238.0,1.0,239.0
2025-02-11,83.0,0.0,83.0
2025-02-12,326.0,1.0,327.0
2025-02-13,608.0,1.0,609.0
2025-02-14,451.0,3.0,454.0
2025-02-15,423.0,1.0,424.0
2025-02-16,176.0,0.0,176.0
2025-02-17,54.0,0.0,54.0
2025-02-18,242.0,2.0,244.0
2025-02-19,56.0,0.0,56.0
2025-02-20,921.0,7.0,928.0
2025-02-21,1287.0,2.0,1289.0
2025-02-22,652.0,1.0,653.0
2025-02-23,636.0,2.0,638.0
2025-02-24,430.0,1.0,431.0
2025-02-25,360.0,1.0,361.0
2025-02-26,147.0,1.0,148.0
2025-02-27,192.0,1.0,193.0
2025-02-28,200.0,1.0,201.0
2025-03-01,224.0,0.0,224.0
2025-03-02,143.0,1.0,144.0
2025-03-03,354.0,2.0,356.0
2025-03-04,188.0,2.0,190.0
2025-03-05,115.0,0.0,115.0
2025-03-06,143.0,1.0,144.0
2025-03-07,98.0,0.0,98.0
2025-03-08,51.0,1.0,52.0
2025-03-09,389.0,3.0,392.0
2025-03-10,385.0,1.0,386.0
2025-03-11,399.0,1.0,400.0
2025-03-12,315.0,2.0,317.0
2025-03-13,204.0,0.0,204.0
2025-03-14,201.0,1.0,202.0
2025-03-15,363.0,1.0,364.0
2025-03-16,283.0,2.0,285.0
2025-03-17,255.0,2.0,257.0
2025-03-18,273.0,1.0,274.0
2025-03-19,359.0,2.0,361.0
2025-03-20,594.0,3.0,597.0
2025-03-21,337.0,1.0,338.0
2025-03-22,346.0,1.0,347.0
2025-03-23,79.0,0.0,79.0
2025-03-24,274.0,2.0,276.0
2025-03-25,738.0,3.0,741.0
2025-03-26,763.0,3.0,766.0
2025-03-27,421.0,1.0,422.0
2025-03-28,306.0,2.0,308.0
2025-03-29,137.0,0.0,137.0
2025-03-30,442.0,2.0,444.0
2025-03-31,539.0,3.0,542.0
2025-04-01,308.0,1.0,309.0
2025-04-02,360.0,1.0,361.0
2025-04-03,330.0,1.0,331.0
2025-04-04,244.0,1.0,245.0
2025-04-05,643.0,5.0,648.0
2025-04-06,656.0,3.0,659.0
2025-04-07,390.0,2.0,392.0
2025-04-08,492.0,0.0,492.0
2025-04-09,395.0,2.0,397.0
2025-04-10,364.0,0.0,364.0
2025-04-11,127.0,1.0,128.0
2025-04-12,88.0,0.0,88.0
2025-04-13,329.0,4.0,333.0
2025-04-14,208.0,1.0,209.0
2025-04-15,701.0,4.0,705.0
2025-04-16,595.0,2.0,597.0
2025-04-17,407.0,2.0,409.0
2025-04-18,398.0,1.0,399.0
2025-04-19,247.0,1.0,248.0
2025-04-20,131.0,1.0,132.0
2025-04-21,212.0,3.0,215.0
2025-04-22,376.0,2.0,378.0
2025-04-23,487.0,5.0,492.0
2025-04-24,400.0,2.0,402.0
2025-04-25,131.0,1.0,132.0
2025-04-26,346.0,3.0,349.0
2025-04-27,357.0,2.0,359.0
2025-04-28,569.0,3.0,572.0
2025-04-29,535.0,2.0,537.0
2025-04-30,728.0,3.0,731.0
2025-05-01,462.0,1.0,463.0
2025-05-02,240.0,0.0,240.0
2025-05-03,492.0,3.0,495.0
2025-05-04,469.0,3.0,472.0
2025-05-05,693.0,3.0,696.0
2025-05-06,595.0,2.0,597.0
2025-05-07,336.0,0.0,336.0
2025-05-08,161.0,0.0,161.0
2025-05-09,260.0,1.0,261.0
2025-05-10,148.0,2.0,150.0
2025-05-11,175.0,1.0,176.0
2025-05-12,166.0,0.0,166.0
2025-05-13,188.0,2.0,190.0
2025-05-14,132.0,2.0,134.0
2025-05-15,411.0,3.0,414.0
2025-05-16,399.0,2.0,401.0
2025-05-17,601.0,1.0,602.0
2025-05-18,611.0,5.0,616.0
2025-05-19,425.0,3.0,428.0
2025-05-20,621.0,2.0,623.0
2025-05-21,831.0,5.0,836.0
2025-05-22,1298.0,5.0,1303.0
2025-05-23,1056.0,1.0,1057.0
2025-05-24,725.0,3.0,728.0
2025-05-25,514.0,3.0,517.0
2025-05-26,761.0,1.0,762.0
2025-05-27,746.0,5.0,751.0
2025-05-28,959.0,4.0,963.0
2025-05-29,653.0,1.0,654.0
2025-05-30,842.0,2.0,844.0
2025-05-31,271.0,0.0,271.0
2025-06-01,555.0,4.0,559.0
2025-06-02,1028.0,4.0,1032.0
2025-06-03,886.0,1.0,887.0
2025-06-04,736.0,3.0,739.0
2025-06-05,831.0,4.0,835.0
2025-06-06,312.0,0.0,312.0
2025-06-07,114.0,1.0,115.0
2025-06-08,81.0,0.0,81.0
2025-06-09,460.0,3.0,463.0
2025-06-10,659.0,2.0,661.0
2025-06-11,900.0,3.0,903.0
2025-06-12,557.0,2.0,559.0
2025-06-13,890.0,4.0,894.0
2025-06-14,915.0,3.0,918.0
2025-06-15,985.0,3.0,988.0
2025-06-16,1209.0,4.0,1213.0
2025-06-17,1150.0,4.0,1154.0
2025-06-18,946.0,3.0,949.0
2025-06-19,539.0,1.0,540.0
2025-06-20,458.0,4.0,462.0
2025-06-21,438.0,3.0,441.0
2025-06-22,599.0,2.0,601.0
2025-06-23,590.0,3.0,593.0
2025-06-24,820.0,4.0,824.0
2025-06-25,1112.0,4.0,1116.0
2025-06-26,719.0,3.0,722.0
2025-06-27,876.0,3.0,879.0
2025-06-28,390.0,1.0,391.0
2025-06-29,557.0,2.0,559.0
2025-06-30,683.0,1.0,684.0
2025-07-01,304.0,1.0,305.0
2025-07-02,330.0,3.0,333.0
2025-07-03,240.0,1.0,241.0
2025-07-04,188.0,2.0,190.0
2025-07-05,102.0,1.0,103.0
2025-07-06,50.0,0.0,50.0
2025-07-07,63.0,1.0,64.0
2025-07-08,141.0,3.0,144.0
2025-07-09,87.0,0.0,87.0
2025-07-10,298.0,2.0,300.0
2025-07-11,128.0,2.0,130.0
2025-07-12,428.0,2.0,430.0
2025-07-13,129.0,0.0,129.0
2025-07-14,83.0,1.0,84.0
2025-07-15,83.0,1.0,84.0
2025-07-16,48.0,1.0,49.0
2025-07-17,131.0,2.0,133.0
2025-07-18,60.0,1.0,61.0
2025-07-19,38.0,0.0,38.0
2025-07-20,87.0,2.0,89.0
2025-07-21,113.0,1.0,114.0
2025-07-22,97.0,1.0,98.0
2025-07-23,54.0,1.0,55.0
2025-07-24,274.0,1.0,275.0
2025-07-25,203.0,3.0,206.0
2025-07-26,224.0,1.0,225.0
2025-07-27,1066.0,13.0,1079.0
2025-07-28,2383.0,26.0,2409.0
2025-07-29,3000.0,16.0,3016.0
2025-07-30,3124.0,26.0,3150.0
2025-07-31,3319.0,23.0,3342.0
2025-08-01,2788.0,16.0,2804.0
2025-08-02,2504.0,18.0,2522.0
2025-08-03,2884.0,16.0,2900.0
2025-08-04,3034.0,24.0,3058.0
2025-08-05,2726.0,18.0,2744.0
2025-08-06,2374.0,15.0,2389.0
2025-08-07,2965.0,22.0,2987.0
2025-08-08,2924.0,14.0,2938.0
2025-08-09,2689.0,23.0,2712.0
2025-08-10,2256.0,16.0,2272.0
2025-08-11,2619.0,14.0,2633.0
2025-08-12,2239.0,16.0,2255.0
2025-08-13,2571.0,22.0,2593.0
2025-08-14,2289.0,16.0,2305.0
2025-08-15,2680.0,18.0,2698.0
2025-08-16,1768.0,14.0,1782.0
2025-08-17,1534.0,19.0,1553.0
2025-08-18,2815.0,23.0,2838.0
2025-08-19,3015.0,18.0,3033.0
2025-08-20,3010.0,18.0,3028.0
2025-08-21,2663.0,20.0,2683.0
2025-08-22,3111.0,18.0,3129.0
2025-08-23,2690.0,29.0,2719.0
2025-08-24,2356.0,26.0,2382.0
2025-08-25,3384.0,42.0,3426.0
2025-08-26,3249.0,30.0,3279.0
2025-08-27,2971.0,35.0,3006.0
2025-08-28,2770.0,34.0,2804.0
2025-08-29,2453.0,32.0,2485.0
2025-08-30,2377.0,38.0,2415.0
2025-08-31,2226.0,27.0,2253.0
2025-09-01,2563.0,33.0,2596.0
